Title,ID,Release Date,Run Time,Genre,Director,Country,Certificate,Budget,Box Office,Nominations,Oscar Wins,Poster_URL
Jurassic Park,1,1993-06-11,126,Adventure,Steven Spielberg,United States,PG,63000000.0,1029939903.0,3,3,https://www.themoviedb.org/t/p/original/p1ROLZTZhxdIdhBtOqtXUOm2fBg.jpg
Spider-Man,2,2002-05-03,121,Action,Sam Raimi,United States,12A,140000000.0,821708551.0,2,0,http://cdn.collider.com/wp-content/uploads/amazing-spider-man-movie-poster.jpg
King Kong,3,2005-12-14,187,Adventure,Peter Jackson,New Zealand,12A,207000000.0,550500000.0,4,3,http://img4.wikia.nocookie.net/__cb20140217063322/skull-island/images/8/89/King-Kong-Movie-Poster-1-.jpeg
Superman Returns,5,2006-07-14,154,Action,Bryan Singer,United States,12A,204000000.0,391081192.0,1,0,https://picfiles.alphacoders.com/127/thumb-1920-127255.jpg
Titanic,6,1998-01-23,194,Romance,James Cameron,United States,12,200000000.0,2186772302.0,14,11,https://originalvintagemovieposters.com/wp-content/uploads/2020/02/TITANIC-8567-scaled-1392x2048.jpg
Evan Almighty,7,2007-06-22,96,Comedy,Tom Shadyac,United States,PG,175000000.0,173418781.0,0,0,https://www.themoviedb.org/t/p/original/5vjH8oQFZXJ0gTOPsJKWidVsWmg.jpg
Waterworld,8,1995-07-28,135,Adventure,Kevin Reynolds,United States,12,175000000.0,264218220.0,1,0,http://www.impawards.com/1995/posters/waterworld_xxlg.jpg
Pearl Harbor,9,2001-05-21,183,War,Michael Bay,United States,12,140000000.0,449220945.0,4,1,https://www.themoviedb.org/t/p/original/kVzdU4SmgUpBh1k5vofpARKgo6h.jpg
Transformers,10,2007-07-03,144,Science Fiction,Michael Bay,United States,12A,150000000.0,709709780.0,3,0,https://www.themoviedb.org/t/p/original/4N4sipl8T72tNE4earcctQa2Kw2.jpg
Harry Potter and the Order of the Phoenix,11,2007-07-11,138,Fantasy,David Yates,United Kingdom,12A,150000000.0,939885929.0,0,0,https://image.tmdb.org/t/p/original/sMMjm3NCC3qiDxwVJZd554nCt98.jpg
Beowulf,12,2007-11-16,115,Fantasy,Robert Zemeckis,United States,12A,150000000.0,196393745.0,0,0,http://www.impawards.com/2007/posters/beowulf_xlg.jpg
Bee Movie,13,2007-11-02,91,Animation,Steve Hickner,United States,U,150000000.0,287594577.0,0,0,https://www.themoviedb.org/t/p/original/5ykAbN3rBCBYVEu7IHG8lHSGNAi.jpg
Pirates of the Caribbean: At World's End,14,2007-05-25,168,Adventure,Gore Verbinski,United States,12A,300000000.0,963420425.0,2,0,https://www.themoviedb.org/t/p/original/8ORuWcrYPgjwUDyCzr7qsOlCdwn.jpg
I Am Legend,15,2007-12-14,100,Horror,Francis Lawrence,United States,15,150000000.0,585349010.0,0,0,http://www.impawards.com/2007/posters/i_am_legend_ver4_xlg.jpg
Ratatouille,16,2007-06-22,111,Animation,Brad Bird,United States,U,150000000.0,623722818.0,5,1,https://www.themoviedb.org/t/p/original/npHNjldbeTHdKKw28bJKs7lzqzj.jpg
Troy,17,2004-05-14,162,Adventure,Wolfgang Peterson,United States,15,175000000.0,497409852.0,1,0,https://www.dvdsreleasedates.com/posters/800/T/Troy-movie-poster.jpg
Harry Potter and the Goblet of Fire,18,2005-11-06,156,Fantasy,Mike Newell,United Kingdom,12A,150000000.0,896911078.0,1,0,https://image.tmdb.org/t/p/original/htAybCgvmCDlEsJXwnSQxPpvlXY.jpg
Batman Begins,19,2005-06-15,141,Action,Christopher Nolan,United States,12A,150000000.0,374218673.0,1,0,https://picfiles.alphacoders.com/127/thumb-1920-127262.jpg
Charlie and the Chocolate Factory,20,2005-07-15,115,Fantasy,Tim Burton,United States,PG,150000000.0,474968763.0,1,0,https://cdn.shopify.com/s/files/1/1416/8662/products/CharlieandtheChocolateFactory_2005_original_film_art_d0f5d115-6dae-469c-9995-9beac629ad04_5000x.jpg?v=1616526104
Pirates of the Caribbean: Dead Man's Chest,21,2006-07-06,151,Adventure,Gore Verbinski,United States,12A,225000000.0,1066179725.0,4,1,https://www.themoviedb.org/t/p/original/mHwpNCGgeujjllrCM97Fd7KRI9G.jpg
Die Another Day,22,2002-11-20,133,Thriller,Lee Tamahori,United Kingdom,12A,142000000.0,431971116.0,0,0,https://static.wikia.nocookie.net/jamesbond/images/b/b2/Dieanotherdayposter.jpg/revision/latest/scale-to-width-down/2000?cb=20190316054239
Lethal Weapon 4,23,1998-07-10,127,Action,Richard Donner,United States,15,100000000.0,285444603.0,0,0,https://image.tmdb.org/t/p/original/4ebq3ykzEy2rmsxMhN9pEfm4sul.jpg
Armageddon,24,1998-07-01,151,Science Fiction,Michael Bay,United States,12,140000000.0,553709788.0,4,0,https://www.themoviedb.org/t/p/original/eTM3qtGhDU8cvjpoa6KEt5E2auU.jpg
Men in Black II,25,2002-07-03,89,Science Fiction,Barry Sonnenfeld,United States,PG,140000000.0,441818803.0,0,0,https://image.tmdb.org/t/p/original/6JKVANruuaE5y4XIMmarQTv47tv.jpg
Spider-Man 3,26,2007-05-04,139,Action,Sam Raimi,United States,12A,258000000.0,890871626.0,0,0,https://image.tmdb.org/t/p/original/btocnvK4l8a4BGS887ed3lsTFog.jpg
Spider-Man 2,27,2004-06-30,127,Action,Sam Raimi,United States,12A,200000000.0,783766341.0,3,1,https://i.etsystatic.com/22518473/r/il/235e83/2562696099/il_1140xN.2562696099_8lbr.jpg
Stealth,28,2005-08-05,121,Action,Rob Cohen,United States,12A,135000000.0,76932872.0,0,0,https://image.tmdb.org/t/p/original/eVmOkUrEIRm6DKusKbI1gVS8paQ.jpg
Final Fantasy: The Spirits Within,29,2001-08-03,106,Animation,Hironobu Sakaguchi,United States,PG,137000000.0,85131830.0,0,0,http://www.impawards.com/2001/posters/final_fantasy_the_spirits_within_ver1_xlg.jpg
Miami Vice,30,2006-07-28,134,Thriller,Michael Mann,United States,15,135000000.0,163794509.0,0,0,https://picfiles.alphacoders.com/110/thumb-1920-110093.jpg
The World Is Not Enough,31,1999-11-26,128,Thriller,Michael Apted,United Kingdom,12,135000000.0,361832400.0,0,0,https://i.pinimg.com/originals/22/16/ed/2216ed74384c02673fefd7040e73b650.jpg
Master and Commander: The Far Side of the World,32,2003-11-14,138,Adventure,Peter Weir,United States,12A,150000000.0,212011111.0,10,2,https://www.themoviedb.org/t/p/original/oL2YfVznSkKh6tGWR98j3hxSRZ5.jpg
War of the Worlds,33,2005-06-29,116,Science Fiction,Steven Spielberg,United States,12A,132000000.0,591745540.0,3,0,https://www.themoviedb.org/t/p/original/bKKemquV1rR9sRg20vwwWZtyS6Z.jpg
The Bourne Ultimatum,34,2007-08-17,115,Thriller,Paul Greengrass,United States,12A,110000000.0,442824138.0,3,3,https://www.themoviedb.org/t/p/original/15rMz5MRXFp7CP4VxhjYw4y0FUn.jpg
Harry Potter and the Prisoner of Azkaban,35,2004-05-31,141,Fantasy,Alfonso Cuaron,United Kingdom,PG,130000000.0,796688549.0,2,0,https://image.tmdb.org/t/p/original/sCrAJB4mwiUu9ymq0aRFWY6DcM1.jpg
The Matrix Reloaded,36,2003-05-15,138,Science Fiction,Lilly Wachowski,United States,15,150000000.0,742128461.0,0,0,https://image.tmdb.org/t/p/original/tdTDA9z2laqYJOHBIrMnEYI8Lg8.jpg
The Da Vinci Code,37,2006-05-19,146,Mystery,Ron Howard,United States,12A,125000000.0,758239851.0,0,0,https://www.themoviedb.org/t/p/original/tYXOOkDxJ7jSvUX5j1Hbks1GjBZ.jpg
Harry Potter and the Philosopher's Stone,38,2001-11-16,152,Fantasy,Chris Columbus,United Kingdom,PG,125000000.0,974800000.0,3,0,https://image.tmdb.org/t/p/original/mavk9xclj6e5hFFk7I0ZNLo4nVD.jpg
The Day After Tomorrow,39,2004-05-26,124,Thriller,Roland Emmerich,United States,12A,125000000.0,542772402.0,0,0,https://www.themoviedb.org/t/p/original/zf68Es2NLQ33ZzSYYtcSn6HMiRR.jpg
Pirates of the Caribbean: Curse of the Black Pearl,40,2003-07-09,135,Adventure,Gore Verbinski,United States,12,140000000.0,654264015.0,5,0,https://www.themoviedb.org/t/p/original/15TBttMacpu2HRXyncI2QMZQzzB.jpg
The Last Samurai,41,2003-12-05,154,Adventure,Edward Zwick,United States,15,140000000.0,456758981.0,4,0,http://www.impawards.com/2003/posters/last_samurai_ver13_xxlg.jpg
The Perfect Storm,42,2000-06-30,130,Adventure,Wolfgang Peterson,United States,12,120000000.0,328718434.0,2,0,http://moviefiles.alphacoders.com/136/poster-13620.jpg
Mission: Impossible III,43,2006-05-04,125,Thriller,J. J. Abrams,United States,12A,150000000.0,397850012.0,0,0,https://www.themoviedb.org/t/p/original/wCNEE8WaJXm3QQDnrUTMywOiOda.jpg
Mission: Impossible II,44,2000-05-24,123,Thriller,John Woo,United States,15,125000000.0,546388105.0,0,0,https://image.tmdb.org/t/p/original/8ixhbKOPABEajtZnRiNYkpeA9Qr.jpg
Windtalkers,45,2002-08-30,134,War,John Woo,United States,15,115000000.0,77628265.0,0,0,https://image.tmdb.org/t/p/original/wGhzVou0HKFmzsV2nAQ6XyLvlCh.jpg
Star Wars: Episode II - Attack of the Clones,46,2002-05-16,142,Science Fiction,George Lucas,United States,PG,115000000.0,649400000.0,1,0,https://www.themoviedb.org/t/p/original/ovkO07v1IhcZGLr0qgRU70PvG2I.jpg
"Monsters, Inc.",47,2002-02-08,92,Animation,Pete Docter,United States,U,115000000.0,562800000.0,4,1,https://cdn.shopify.com/s/files/1/0037/8008/3782/products/monsters_inc_advance_cinemas_style_WC02704_T_5fadfda3-5607-46c2-81a1-7bfac41503ec_1024x1024@2x.jpg?v=1562403400
Star Wars: Episode I - The Phantom Menace,48,1999-05-19,133,Science Fiction,George Lucas,United States,U,115000000.0,1027000000.0,3,0,https://www.themoviedb.org/t/p/original/pB0iy9c54EomlWc4gmJazLfyCw4.jpg
Star Wars: Episode III - Revenge of the Sith,49,2005-05-19,140,Science Fiction,George Lucas,United States,12A,113000000.0,848800000.0,1,0,https://www.themoviedb.org/t/p/original/9R2ztN8KeLZoTUuvSJHURssvLsR.jpg
The Matrix Revolutions,50,2003-11-05,129,Science Fiction,Lilly Wachowski,United States,15,150000000.0,427343298.0,0,0,https://www.themoviedb.org/t/p/original/gTFuVBK3ITW9ER73hN9yMn4Sn24.jpg
Tomorrow Never Dies,51,1997-12-12,119,Thriller,Roger Spottiswoode,United Kingdom,12,110000000.0,333011068.0,0,0,https://impawards.com/1997/posters/tomorrow_never_dies_ver3_xlg.jpg
Ocean's Eleven,52,2002-02-15,117,Crime,Steven Soderbergh,United States,12,85000000.0,450717150.0,0,0,https://www.themoviedb.org/t/p/original/ra1Sca0zlan5jkKLdasKbYYJT6x.jpg
Live Free or Die Hard,53,2007-06-27,130,Action,Len Wiseman,United States,15,110000000.0,383500000.0,0,0,https://www.themoviedb.org/t/p/original/smfNnLNbjNgpiOS7npW8mxF9A5Z.jpg
Around the World in 80 Days,54,2004-06-16,120,Adventure,Frank Coraci,United States,PG,110000000.0,72178895.0,0,0,http://c8.alamy.com/comp/BPMA25/film-poster-around-the-world-in-80-days-2004-BPMA25.jpg
Kingdom of Heaven,55,2005-05-06,144,Adventure,Ridley Scott,United States,15,130000000.0,211398413.0,0,0,http://www.impawards.com/2005/posters/kingdom_of_heaven_xxlg.jpg
Mr. & Mrs. Smith,56,2005-06-10,120,Action,Doug Liman,United States,15,110000000.0,478336279.0,0,0,https://image.tmdb.org/t/p/original/fbSxmAyFLYMOR7WcCBfHGCZZzlu.jpg
The Aviator,57,2004-12-25,170,Biography,Martin Scorsese,United States,12A,110000000.0,214608827.0,11,5,https://www.vintagemovieposters.co.uk/wp-content/uploads/2018/03/IMG_2887.jpg
Ali,58,2001-12-25,157,Biography,Michael Mann,United States,15,107000000.0,87713825.0,0,0,https://www.themoviedb.org/t/p/original/cCrFRqmOjiMydEJR0pl9o4O0ZS4.jpg
The Lord of the Rings: Fellowship of the Ring,59,2001-12-19,178,Fantasy,Peter Jackson,New Zealand,PG,93000000.0,871530324.0,13,4,https://www.themoviedb.org/t/p/original/uCyvk6sLbJfBe6z4Gys7yf2Sgc.jpg
"I, Robot",60,2004-07-15,115,Science Fiction,Alex Proyas,United States,12A,120000000.0,347234916.0,1,0,https://image.tmdb.org/t/p/original/hr9bfRXIHxJ6Qcsw6u6jNnBzVfh.jpg
Casino Royale,61,2006-11-14,144,Thriller,Martin Campbell,United Kingdom,12A,150000000.0,599000000.0,0,0,https://www.vintagemovieposters.co.uk/wp-content/uploads/2022/09/IMG_8062-scaled.jpeg
Minority Report,62,2002-07-04,145,Science Fiction,Steven Spielberg,United States,12,102000000.0,358300000.0,1,0,https://www.themoviedb.org/t/p/original/AkvtzsvH4yFOH99dVPJmDs28Gtt.jpg
Terminator 2: Judgement Day,63,1991-08-16,136,Science Fiction,James Cameron,United States,15,100000000.0,516816151.0,4,6,https://image.tmdb.org/t/p/original/x3WuPKbYVIR0eTcwKa0WUfBOlXd.jpg
Catwoman,64,2004-08-13,104,Action,Jean-Christophe Comar,United States,12A,100000000.0,82102379.0,0,0,https://m.media-amazon.com/images/I/71RY695iTTL.jpg
Harry Potter and the Chamber of Secrets,65,2002-11-15,155,Fantasy,Chris Columbus,United Kingdom,PG,100000000.0,878979634.0,0,0,https://image.tmdb.org/t/p/original/n6zpzAOoGx3kYrEzgAMHQZyF5cE.jpg
American Gangster,66,2007-11-16,158,Biography,Ridley Scott,United States,18,100000000.0,266465037.0,2,0,https://image.tmdb.org/t/p/original/wHhbefZSJzDr5ZWHdcXCo4qhmTX.jpg
Blood Diamond,67,2006-12-08,143,Adventure,Edward Zwick,United States,15,100000000.0,171407179.0,5,0,https://www.themoviedb.org/t/p/original/m6rZ3dmqjcTvVNKtqwQ6hxYQ9nk.jpg
Gladiator,68,2000-05-05,155,Adventure,Ridley Scott,United States,15,103000000.0,457600000.0,12,5,http://www.impawards.com/2000/posters/gladiator_ver3_xlg.jpg
True Lies,69,1994-07-15,141,Thriller,James Cameron,United States,15,100000000.0,378882411.0,1,0,http://www.impawards.com/1994/posters/true_lies_xlg.jpg
Gangs of New York,70,2002-12-20,160,Drama,Martin Scorsese,United States,18,97000000.0,193772504.0,10,0,http://www.impawards.com/2002/posters/gangs_of_new_york_ver4.jpg
Black Hawk Down,71,2002-01-18,144,War,Ridley Scott,United States,15,92000000.0,172989651.0,4,2,https://www.themoviedb.org/t/p/original/lZwEZxDWm253mH7D2i9kdW2z4Nz.jpg
The Fifth Element,72,1997-05-07,127,Science Fiction,Luc Besson,France,PG,90000000.0,263920180.0,1,0,https://www.vintagemovieposters.co.uk/wp-content/uploads/2018/10/IMG_0958.jpg
The Lord of the Rings: Return of the King,73,2003-12-17,201,Fantasy,Peter Jackson,New Zealand,12A,94000000.0,1119929521.0,11,11,http://img2.wikia.nocookie.net/__cb20150203042330/lotr/images/7/77/The_Return_of_the_King_Poster_01.jpg
The Lord of the Rings: The Two Towers,74,2002-12-18,179,Fantasy,Peter Jackson,New Zealand,12A,94000000.0,926047111.0,6,2,https://www.themoviedb.org/t/p/original/3izFSFzrcWaPVZdLNsQHfriY7YZ.jpg
Rush Hour 3,75,2007-08-10,91,Martial Arts,Brett Ratner,United States,12A,140000000.0,258022233.0,0,0,https://www.themoviedb.org/t/p/original/i8IuDWGrtmk7cJXuFAsweaO7buQ.jpg
Rush Hour 2,76,2001-08-03,90,Martial Arts,Brett Ratner,United States,12,90000000.0,347425832.0,0,0,https://www.themoviedb.org/t/p/original/oGSea1eJYjkFzxJUOP0etr9JcB2.jpg
Men in Black,77,1997-07-02,98,Science Fiction,Barry Sonnenfeld,United States,PG,90000000.0,589390539.0,3,1,https://www.themoviedb.org/t/p/original/gfl0nuj9ffUDPlBhqJdrxD4YSNP.jpg
The Departed,78,2006-10-06,151,Thriller,Martin Scorsese,United States,18,90000000.0,289847354.0,5,4,https://www.prints4u.net/wp-content/uploads/2021/04/The-Departed-001.jpg
Die Hard: With A Vengeance,79,1995-08-18,131,Action,John McTiernan,United States,15,90000000.0,366101666.0,0,0,https://image.tmdb.org/t/p/original/pklNpgCBFIF4GQwecfKZN3JcBJ8.jpg
Cinderella Man,80,2005-09-09,144,Drama,Ron Howard,United States,12A,88000000.0,108539911.0,3,0,http://www.impawards.com/2005/posters/cinderella_man_ver2.jpg
The Bourne Supremacy,81,2004-07-23,108,Thriller,Paul Greengrass,United States,12A,75000000.0,288500000.0,0,0,https://www.themoviedb.org/t/p/original/hjbHWuOr8gWy8RPKQa2Yeql3SpQ.jpg
Last Action Hero,82,1993-07-30,130,Action,John McTiernan,United States,15,85000000.0,137298489.0,0,0,https://posterspy.com/wp-content/uploads/2021/11/last_action_hero_movie_poster-scaled.jpg
Cast Away,83,2001-01-12,143,Drama,Robert Zemeckis,United States,12,85000000.0,427230516.0,2,0,https://www.themoviedb.org/t/p/original/epQDVKTf0tol6LhGGY5iYxpw1ne.jpg
Ocean's Twelve,84,2005-02-04,125,Crime,Steven Soderbergh,United States,12A,110000000.0,362744280.0,0,0,https://image.tmdb.org/t/p/original/oV3BVdY3UtEHRxpixmntpxHJwSc.jpg
Click,85,2006-09-29,107,Comedy,Frank Coraci,United States,12A,82500000.0,237681299.0,1,0,http://www.impawards.com/2006/posters/click.jpg
Bruce Almighty,86,2003-05-23,101,Comedy,Tom Shadyac,United States,12A,81000000.0,484592874.0,0,0,https://cdn.traileraddict.com/content/universal-pictures/brucealmighty.jpg
Mission: Impossible,87,1996-05-22,110,Thriller,Brian De Palma,United States,PG,80000000.0,457696359.0,0,0,https://www.bestmovieposters.co.uk/wp-content/uploads/2020/07/mission-impossible_fc119e26-scaled.jpg
Deep Impact,88,1998-05-08,121,Science Fiction,Mimi Leder,United States,12,80000000.0,349464664.0,0,0,https://cdn.shopify.com/s/files/1/1416/8662/products/DeepImpact_1998_advance_original_film_art_2000x.jpg?v=1608572375
Road to Perdition,89,2002-07-12,117,Crime,Sam Mendes,United States,15,80000000.0,181000000.0,6,1,http://www.impawards.com/2002/posters/road_to_perdition_ver2.jpg
A Beautiful Mind,90,2001-12-21,135,Drama,Ron Howard,United States,12,58000000.0,313542341.0,8,4,https://i.etsystatic.com/23647903/r/il/462fdd/2442772964/il_1588xN.2442772964_6gq7.jpg
Children of Men,91,2006-09-22,109,Science Fiction,Alfonso Cuaron,United States,15,76000000.0,69900000.0,3,0,https://xl.movieposterdb.com/08_06/2006/206634/xl_206634_868148e2.jpg
Munich,92,2005-12-23,163,Drama,Steven Spielberg,United States,15,77000000.0,130358911.0,5,0,https://www.cinemaclock.com/images/posters/1000x1500/42/munich-2005-us-poster.jpg
Independence Day,93,1996-07-02,145,Science Fiction,Roland Emmerich,United States,12,75000000.0,817400891.0,2,1,https://picfiles.alphacoders.com/363/thumb-1920-363054.jpg
X-Men,94,2000-08-18,104,Action,Bryan Singer,United States,12,75000000.0,296339527.0,0,0,https://image.tmdb.org/t/p/original/dhEMlpcGD0b0AxxDvuSMf5sQObR.jpg
X2,95,2003-05-02,134,Action,Bryan Singer,United States,12A,110000000.0,407711549.0,0,0,"https://movie-fanatic-res.cloudinary.com/iu/s--ftbQfETw--/t_full/cs_srgb,f_auto,fl_strip_profile.lossy,q_auto:420/v1364991020/x2-movie-poster.jpg"
The Rock,96,1996-06-07,136,Thriller,Michael Bay,United States,15,75000000.0,335100000.0,1,0,https://www.themoviedb.org/t/p/original/lwVNA4QlA3wHnhCiavHeckCB8qE.jpg
Constantine,97,2005-02-18,121,Thriller,Francis Lawrence,United States,15,100000000.0,230884728.0,0,0,"https://movie-fanatic-res.cloudinary.com/iu/s--FttwE2Co--/t_full/cs_srgb,f_auto,fl_strip_profile.lossy,q_auto:420/v1403289480/constantine-poster.jpg"
Unbreakable,98,2000-12-29,106,Drama,M. Night Shyamalan,United States,12,75000000.0,248118121.0,0,0,https://www.mauvais-genres.com/29700-thickbox_default/unbreakable-original-movie-poster-47x63-in-2000-m-night-shyamalan-bruce-willis-samuel-l-jackson.jpg
Talladega Nights: The Ballad of Ricky Bobby,99,2006-09-15,108,Comedy,Adam McKay,United States,12A,72500000.0,162966177.0,0,0,https://www.themoviedb.org/t/p/original/drLHIv8NUdaXOWapQhleECrtrcW.jpg
The Simpsons Movie,100,2007-07-25,87,Animation,David Silverman,United States,PG,72000000.0,527000000.0,0,0,https://image.tmdb.org/t/p/original/tQemh3Xk0Ol0ZZs44ND090Q6Ode.jpg
Braveheart,101,1995-05-24,177,History,Mel Gibson,United States,15,72000000.0,210409945.0,10,5,https://www.bestmovieposters.co.uk/wp-content/uploads/2019/01/k741fYao.jpeg
Jarhead,102,2006-01-13,125,War,Sam Mendes,United States,15,72000000.0,96889998.0,0,0,https://xl.movieposterdb.com/08_05/2005/418763/xl_418763_833ffc54.jpg
The Village,103,2004-08-20,108,Thriller,M. Night Shyamalan,United States,12A,60000000.0,256697520.0,1,0,http://www.impawards.com/2004/posters/village.jpg
Shrek the Third,104,2007-05-18,93,Animation,Chris Miller,United States,U,160000000.0,799000000.0,0,0,https://www.themoviedb.org/t/p/original/1V5pspgnFCXXWd9DddHBVIF2275.jpg
Shrek 2,105,2004-05-19,93,Animation,Andrew Adamson,United States,U,150000000.0,919838758.0,2,0,https://cdn.shopify.com/s/files/1/1416/8662/products/shrek_2_2004_original_film_art_1200x.jpg?v=1569038777
The Abyss,106,1989-08-09,140,Science Fiction,James Cameron,United States,15,70000000.0,90000098.0,4,1,http://www.impawards.com/1989/posters/abyss_ver1_xlg.jpg
Star Trek: Insurrection,107,1998-12-11,103,Science Fiction,Jonathan Frakes,United States,PG,58000000.0,112587658.0,0,0,https://www.themoviedb.org/t/p/original/wurGzXCRmYivettpt1Xv5X6VBkE.jpg
Who Framed Roger Rabbit?,108,1988-06-22,103,Comedy,Robert Zemeckis,United States,PG,70000000.0,329800000.0,6,4,https://image.invaluable.com/housePhotos/heroesandlegends/98/722498/H22358-L287307249.jpg
Sleepy Hollow,109,1999-11-19,105,Horror,Tim Burton,United States,15,100000000.0,206071502.0,3,1,https://image.tmdb.org/t/p/original/1GuK965FLJxqUw9fd1pmvjbFAlv.jpg
xXx,110,2002-08-09,124,Action,Rob Cohen,United States,15,70000000.0,277448382.0,0,0,https://image.tmdb.org/t/p/original/86BnliVDBo2TjKmrgQTJIPHxAKd.jpg
Die Hard 2,111,1990-07-04,124,Action,Renny Harlin,United States,15,70000000.0,240031094.0,0,0,https://www.themoviedb.org/t/p/original/mHnCdXiEoZSUeK49p2K0B4r8iaD.jpg
The Long Kiss Goodnight,112,1996-11-29,120,Action,Renny Harlin,United States,18,65000000.0,89456761.0,0,0,http://www.impawards.com/1996/posters/long_kiss_goodnight_ver1.jpg
Apollo 13,113,1995-06-30,140,History,Ron Howard,United States,PG,52000000.0,355237933.0,9,2,https://www.themoviedb.org/t/p/original/xyHoI6hEd6uO8BpZwgQ9z5w2w.jpg
Saving Private Ryan,114,1998-07-24,170,War,Steven Spielberg,United States,15,70000000.0,481840909.0,11,5,https://fanart.tv/fanart/movies/857/movieposter/saving-private-ryan-521a5ad8ab73e.jpg
Fight Club,115,1999-10-15,139,Thriller,David Fincher,United States,18,63000000.0,100900000.0,1,0,https://www.vintagemovieposters.co.uk/wp-content/uploads/2023/02/IMG_0882-scaled.jpeg
The Matrix,116,1999-06-11,136,Science Fiction,Lilly Wachowski,United States,15,65000000.0,463500000.0,4,4,https://www.themoviedb.org/t/p/original/sRaupdJawe6UTS0t77vwJoLjd7h.jpg
Total Recall,117,1990-06-01,113,Science Fiction,Paul Verhoeven,United States,18,60000000.0,261300000.0,2,1,https://image.tmdb.org/t/p/original/hvhAcC5m5THitjb5az5JS8S3mwu.jpg
Cliffhanger,118,1993-06-25,113,Action,Renny Harlin,United States,15,65000000.0,255325036.0,3,0,https://c8.alamy.com/comp/2JDPN1A/sylvester-stallone-poster-cliffhanger-1993-2JDPN1A.jpg
Clear and Present Danger,119,1994-08-03,141,Thriller,Phillip Noyce,United States,12,62000000.0,215887717.0,2,0,http://www.impawards.com/1994/posters/clear_and_present_danger_xxlg.jpg
GoldenEye,120,1995-11-24,130,Thriller,Martin Campbell,United Kingdom,12,58000000.0,352194034.0,0,0,http://static4.wikia.nocookie.net/__cb20120727124424/jamesbond/images/9/91/Goldeneye_movie_poster.jpg
The Black Dahlia,121,2006-09-15,122,Crime,Brian De Palma,United States,15,50000000.0,49332692.0,1,0,https://www.themoviedb.org/t/p/original/tfU3qqsWit8HOzF9NH3W1DMYIvh.jpg
The Truman Show,122,1998-06-05,103,Drama,Peter Weir,United States,PG,60000000.0,264118201.0,3,0,https://image.tmdb.org/t/p/original/vuza0WqY239yBXOadKlGwJsZJFE.jpg
Event Horizon,123,1997-08-15,96,Science Fiction,Paul Anderson,United States,18,60000000.0,47073851.0,0,0,https://www.themoviedb.org/t/p/original/ryqTqwgCabuZmtn3eBygNAAkTTs.jpg
The Bourne Identity,124,2002-06-14,118,Thriller,Doug Liman,United States,12A,60000000.0,214034224.0,0,0,https://www.prints4u.net/wp-content/uploads/2021/04/The-Bourne-Identity-001.jpg
Hellboy,125,2004-04-02,122,Action,Guillermo del Toro,United States,12A,66000000.0,99318987.0,0,0,https://image.tmdb.org/t/p/original/uE3uJHBiIJPzcWCZXwgYmxYQNnT.jpg
Starsky & Hutch,126,2004-03-19,101,Comedy,Todd Phillips,United States,15,60000000.0,170268750.0,0,0,https://image.tmdb.org/t/p/original/eUL3fOTULpC2LNIaaNZBZ8bW2qf.jpg
Intolerable Cruelty,127,2003-10-10,100,Comedy,Joel Coen,United States,12A,60000000.0,120217409.0,0,0,http://www.impawards.com/2003/posters/intolerable_cruelty_ver2.jpg
300,128,2007-03-23,117,Adventure,Zack Snyder,United States,15,65000000.0,456000000.0,0,0,https://picfiles.alphacoders.com/997/thumb-1920-99760.jpg
Star Trek: Nemesis,129,2003-01-03,116,Science Fiction,Stuart Baird,United States,12A,60000000.0,67312826.0,0,0,https://image.tmdb.org/t/p/original/8A4S14gUgXTv4eRAQE4VXdvvcRx.jpg
Superman,130,1978-12-10,143,Adventure,Richard Donner,United States,PG,55000000.0,300218018.0,3,0,https://i.pinimg.com/originals/9d/e0/db/9de0db4eb4b1b79dc186962d7902f41c.png
Crimson Tide,131,1995-05-12,116,Thriller,Tony Scott,United States,15,53000000.0,157387195.0,3,0,http://pics.filmaffinity.com/crimson_tide-786615397-large.jpg
Deja Vu,132,2006-11-22,126,Thriller,Tony Scott,United States,12A,75000000.0,180557550.0,0,0,https://image.tmdb.org/t/p/original/qoPU2pL9lE40ADyMFTNLHqEzy7f.jpg
Man On Fire,133,2004-04-21,146,Thriller,Tony Scott,United States,18,70000000.0,130293714.0,0,0,https://www.prints4u.net/wp-content/uploads/2021/04/Man-on-Fire-001.jpg
Enemy of the State,134,1998-12-26,132,Thriller,Tony Scott,United States,15,90000000.0,250649836.0,0,0,https://m.media-amazon.com/images/I/819YC1L55NL._AC_SL1345_.jpg
Kill Bill: Vol. 1,135,2003-10-17,111,Martial Arts,Quentin Tarantino,United States,18,30000000.0,180900000.0,0,0,https://image.tmdb.org/t/p/original/xqEN1NC0BhsaGS71Lq51wwOxx8b.jpg
Alien 3,136,1992-05-22,115,Science Fiction,David Fincher,United States,18,55000000.0,159800000.0,1,0,https://4.bp.blogspot.com/-G70WOPdjBO4/WRt28OH1ZXI/AAAAAAAAWpY/BJ0UJ60aVkcyPqu04X968Z7kQ3KxvVjDgCLcB/s1600/alien-3-movie-poster.jpg
Shanghai Noon,137,2000-05-26,110,Martial Arts,Tom Dey,United States,12,55000000.0,99274467.0,0,0,https://www.themoviedb.org/t/p/original/b0WwWRcDiDahkah5vZ0KjB4N9ZZ.jpg
Kill Bill: Vol. 2,138,2004-04-23,136,Martial Arts,Quentin Tarantino,United States,18,30000000.0,152159461.0,0,0,https://www.themoviedb.org/t/p/original/rmsXuH7qxq8keKWxPJDNwVyjWdD.jpg
Blade II,139,2002-03-22,116,Action,Guillermo del Toro,United States,18,50000000.0,155010032.0,0,0,https://www.themoviedb.org/t/p/original/ux0PzcGrd1XiJ49qnzRwxpt2kq0.jpg
Flags of our Fathers,140,2006-10-20,132,War,Clint Eastwood,United States,15,55000000.0,65900249.0,2,0,http://www.impawards.com/2006/posters/flags_of_our_fathers.jpg
Casino,141,1996-02-23,178,Crime,Martin Scorsese,United States,18,50000000.0,116112375.0,1,0,https://igaming.org/wp-content/uploads/2023/05/cas-.jpg
Robin Hood: Prince of Thieves,142,1991-06-14,155,Adventure,Kevin Reynolds,United States,PG,48000000.0,390493908.0,1,0,https://image.tmdb.org/t/p/original/kkBjqBUBdqe8IY9BtgrZgLzPmQv.jpg
Shrek,143,2001-05-18,90,Animation,Andrew Adamson,United States,U,60000000.0,484409218.0,2,1,https://i.etsystatic.com/27475238/r/il/f9eed6/3758942437/il_fullxfull.3758942437_9564.jpg
Shanghai Knights,144,2003-02-07,114,Martial Arts,David Dobkin,United States,12A,50000000.0,88323487.0,0,0,http://www.impawards.com/2003/posters/shanghai_knights_xlg.jpg
Indiana Jones and the Last Crusade,145,1989-05-24,127,Adventure,Steven Spielberg,United States,PG,48000000.0,474200000.0,3,1,https://www.vintagemovieposters.co.uk/wp-content/uploads/2021/06/IMG_2497-1383x2048.jpeg
Star Trek: First Contact,146,1996-11-22,111,Science Fiction,Jonathan Frakes,United States,12,45000000.0,146027888.0,1,0,https://image.tmdb.org/t/p/original/cT7ZlLxPlD3nMKVg7I7e0Iw0sbi.jpg
Blade,147,1998-08-21,120,Fantasy,Stephen Norrington,United States,18,40000000.0,131183530.0,0,0,https://www.vintagemovieposters.co.uk/wp-content/uploads/2016/03/IMG_1143.jpg
Patriot Games,148,1992-06-05,117,Thriller,Phillip Noyce,United States,15,45000000.0,178051587.0,0,0,https://www.themoviedb.org/t/p/original/1ovZC9qhrEOU8ye3KlVQgQroUbX.jpg
The Fugitive,149,1993-08-06,130,Thriller,Andrew Davis,United States,12,44000000.0,368875760.0,7,1,https://s3.amazonaws.com/static.rogerebert.com/uploads/movie/movie_poster/the-fugitive-1993/large_qbWQ2xhptMY7ZADom3Zz0mBjsec.jpg
The Prestige,150,2006-10-20,130,Mystery,Christopher Nolan,United States,12A,40000000.0,109700000.0,2,0,https://levycreative.com/wp-content/uploads/2023/05/kevinmcgivern_prestige.jpg
The Last of the Mohicans,151,1992-09-25,112,Adventure,Michael Mann,United States,12,40000000.0,75505856.0,1,1,https://www.themoviedb.org/t/p/original/fYVQRcgnOv998bKEplzrD3faGgt.jpg
Apocalypto,152,2006-12-08,138,Adventure,Mel Gibson,United States,18,40000000.0,120600000.0,3,0,https://flxt.tmsimg.com/assets/p161392_p_v8_ab.jpg
Wedding Crashers,153,2005-07-15,119,Comedy,David Dobkin,United States,15,40000000.0,285176741.0,0,0,https://image.tmdb.org/t/p/original/jam1ZZcwvh1RQeBFcuM7OPFzCaa.jpg
Back to the Future Part III,154,1990-05-25,118,Science Fiction,Robert Zemeckis,United States,PG,40000000.0,244500000.0,0,0,https://image.tmdb.org/t/p/original/cZO1zLEFACR06FwpXN9urvmoulR.jpg
Back to the Future Part II,155,1989-11-22,108,Science Fiction,Robert Zemeckis,United States,PG,40000000.0,331900000.0,1,0,https://farm6.staticflickr.com/5520/12624504554_6189085d39_o.jpg
Licence to Kill,156,1989-06-13,133,Thriller,John Glen,United Kingdom,15,32000000.0,156000000.0,0,0,https://www.themoviedb.org/t/p/original/8nzJve63EXA79HGAyidZwivZrQ2.jpg
The Living Daylights,157,1987-06-27,131,Thriller,John Glen,United Kingdom,PG,40000000.0,191200000.0,0,0,https://www.vintagemovieposters.co.uk/wp-content/uploads/2016/01/IMG_3009.jpg
Sin City,158,2005-04-01,124,Crime,Frank Miller,United States,18,40000000.0,158800000.0,0,0,http://www.prints4u.net/wp-content/uploads/2021/04/Sin-City-004.jpg
Serenity,159,2005-10-07,119,Science Fiction,Joss Whedon,United States,15,39000000.0,38869464.0,0,0,http://www.cantstoptheserenity.com/wp-content/uploads/2019/02/Serenity-Movie-Poster.jpg
Star Trek: Generations,160,1994-11-18,118,Science Fiction,David Carson,United States,PG,35000000.0,118071125.0,0,0,https://www.themoviedb.org/t/p/original/aOzppW9lAWKpYVqdsObWvGetxFo.jpg
Never Say Never Again,161,1983-10-07,134,Thriller,Irvin Kershner,United States,PG,36000000.0,160000000.0,0,0,https://i.pinimg.com/originals/e9/46/b3/e946b36e53016c2fa942639354ca1b42.jpg
Star Trek: The Motion Picture,162,1979-12-07,132,Science Fiction,Robert Wise,United States,U,46000000.0,139000000.0,3,0,https://i0.wp.com/screen-connections.com/wp-content/uploads/2022/03/Star.Trek_.The_.Motion.Picture-Directors.Edition-Official.Poster.jpg
Rush Hour,163,1998-12-04,97,Action,Brett Ratner,United States,15,33000000.0,244386864.0,0,0,http://www.impawards.com/2007/posters/rush_hour_three_xlg.jpg
Lethal Weapon 3,164,1992-08-14,118,Action,Richard Donner,United States,15,35000000.0,321731527.0,0,0,http://www.impawards.com/1992/posters/lethal_weapon_three_xxlg.jpg
Star Wars: Episode VI - Return of the Jedi,165,1983-05-25,132,Science Fiction,Richard Marquand,United States,U,42700000.0,475100000.0,4,0,https://www.vintagemovieposters.co.uk/wp-content/uploads/2020/11/IMG_0626-2-scaled.jpeg
A History of Violence,166,2005-09-23,96,Drama,David Cronenberg,United States,18,32000000.0,60740827.0,2,0,https://image.tmdb.org/t/p/original/vSbdqEroJvQw9zdBXyasaUIzPyo.jpg
Moonraker,167,1979-06-29,126,Thriller,Lewis Gilbert,United Kingdom,PG,34000000.0,210300000.0,1,0,https://www.vintagemovieposters.co.uk/wp-content/uploads/2023/06/IMG_3182-scaled.jpeg
Get Shorty,168,1995-10-20,105,Crime,Barry Sonnenfeld,United States,15,30250000.0,115101622.0,0,0,https://www.themoviedb.org/t/p/original/xWzBZjVwKXO0B5ONCCf9mJJIRBn.jpg
The Assassination of Jesse James by the Coward Robert Ford,169,2007-09-21,159,Western,Andrew Dominik,United States,15,30000000.0,15000000.0,2,0,https://img.moviepostershop.com/the-assassination-of-jesse-james-by-the-coward-robert-ford-movie-poster-2007-1020409115.jpg
Million Dollar Baby,170,2005-01-14,132,Sport,Clint Eastwood,United States,12A,30000000.0,216800000.0,7,4,https://www.themoviedb.org/t/p/original/rNQvi2mkubcXFUhRdRJXRCCC5r4.jpg
Seven,171,1995-09-22,127,Thriller,David Fincher,United States,18,33000000.0,327300000.0,1,0,https://www.mauvais-genres.com/23524-thickbox_default/seven-original-movie-poster-47x63-in-1995-david-fincher-brad-pitt.jpg
The Hunt For Red October,172,1990-03-02,134,Thriller,John McTiernan,United States,PG,30000000.0,200512643.0,3,1,https://m.media-amazon.com/images/M/MV5BODEwNjJlNDAtMWY2Yi00OWY5LWEzMzEtZmIzYmFkZjE0ZDY4XkEyXkFqcGdeQXVyMTAyOTE2ODg0._V1_.jpg
Ghostbusters,173,1984-06-07,107,Comedy,Ivan Reitman,United States,PG,30000000.0,295200000.0,2,0,https://www.themoviedb.org/t/p/original/by7SBZafV1Y3wfOhr1pGTIXOxd3.jpg
Star Trek V: The Final Frontier,174,1989-06-09,106,Science Fiction,William Shatner,United States,PG,33000000.0,63000000.0,0,0,http://www.impawards.com/1989/posters/star_trek_v_ver2_xxlg.jpg
Indiana Jones and the Temple of Doom,175,1984-05-23,118,Adventure,Steven Spielberg,United States,12,28170000.0,333107271.0,2,1,https://www.themoviedb.org/t/p/original/6TnzjBbe6bMCDJGfbG0llvxEMml.jpg
Blade Runner,176,1982-06-25,116,Science Fiction,Ridley Scott,United States,15,28000000.0,33800000.0,2,0,https://picfiles.alphacoders.com/198/198975.jpg
Die Hard,177,1988-07-15,132,Action,John McTiernan,United States,15,28000000.0,140700000.0,4,0,https://originalvintagemovieposters.com/wp-content/uploads/2019/12/DIE-HARD-8410.jpg
For Your Eyes Only,178,1981-06-24,127,Thriller,John Glen,United Kingdom,PG,28000000.0,194900000.0,1,0,https://i.pinimg.com/736x/12/eb/ef/12ebef4b0116d96a29b4ac8f65300991.jpg
Octopussy,179,1983-06-06,131,Thriller,John Glen,United States,PG,27500000.0,183700000.0,0,0,https://image.tmdb.org/t/p/original/9tu0JsP2ibbMDgOoLyq3GpeT8ko.jpg
Star Trek VI: The Undiscovered Country,180,1991-12-06,113,Science Fiction,Nicholas Meyer,United States,PG,27000000.0,96888996.0,2,0,https://www.themoviedb.org/t/p/original/tvTOJD7Gz668GLy2nNdLRQvpPsv.jpg
The Running Man,181,1987-11-13,101,Science Fiction,Paul Michael Glaser,United States,18,27000000.0,38122105.0,0,0,http://images.moviepostershop.com/the-running-man-movie-poster-1987-1020469538.jpg
Open Range,182,2003-08-15,139,Western,Kevin Costner,United States,12A,22000000.0,68296293.0,0,0,https://www.themoviedb.org/t/p/original/gXCcLY4xzLJmzdHipoL6dGUNVgL.jpg
Kindergarten Cop,183,1991-02-01,111,Comedy,Ivan Reitman,United States,15,15000000.0,201957688.0,0,0,https://www.themoviedb.org/t/p/original/nKnHWwkXyvhzCYWm3FyRAv3qBrl.jpg
"O Brother, Where Art Thou?",184,2000-09-15,107,Comedy,Joel Coen,United States,12,26000000.0,71900000.0,2,0,https://www.themoviedb.org/t/p/original/2YztYilviFCYcEtDAnrOstUWGie.jpg
Goodfellas,185,1990-09-19,146,Crime,Martin Scorsese,United States,18,25000000.0,46800000.0,6,1,https://www.themoviedb.org/t/p/original/aKuFiU82s5ISJpGZp7YkIr3kCUd.jpg
The Passion of the Christ,186,2004-03-26,126,Drama,Mel Gibson,United States,18,30000000.0,611900000.0,3,0,https://c8.alamy.com/comp/BKGTTX/the-passion-of-the-christ-2004-poster-pasc-001-15-BKGTTX.jpg
The Untouchables,187,1987-06-03,119,Crime,Brian De Palma,United States,15,25000000.0,106240936.0,4,1,https://www.themoviedb.org/t/p/original/tPq0R4jTO4Ey8ZspFaWK9wGA4Ls.jpg
Schindler's List,188,1993-12-15,197,History,Steven Spielberg,United States,15,22000000.0,321200000.0,12,7,https://www.themoviedb.org/t/p/original/hNFxRqok5ZI7Yb39Mxwd7t0dYiD.jpg
Anchorman: The Legend of Ron Burgundy,189,2004-09-10,95,Comedy,Adam McKay,United States,12A,26000000.0,90600000.0,0,0,https://www.themoviedb.org/t/p/original/tii7fevXvgDKwMSXIYdppNcJoAJ.jpg
Scarface,190,1983-12-09,170,Crime,Brian De Palma,United States,18,25000000.0,65900000.0,0,0,https://www.vintagemovieposters.co.uk/wp-content/uploads/2023/02/IMG_0861-scaled.jpeg
Star Trek IV: The Voyage Home,191,1986-11-26,122,Science Fiction,Leonard Nimoy,United States,PG,21000000.0,133000000.0,4,0,https://www.moriareviews.com/rongulator/wp-content/uploads/Voyage-Home-Star-Trek-IV-1986-poster.jpg
King Kong,192,1976-12-17,134,Adventure,John Guillermin,United States,PG,24000000.0,90614445.0,2,0,https://www.themoviedb.org/t/p/original/6a2HY6UmD7XiDD3NokgaBAXEsD2.jpg
Star Wars: Episode V - The Empire Strikes Back,193,1980-05-21,124,Science Fiction,Irvin Kershner,United States,U,33000000.0,538400000.0,4,2,https://www.moriareviews.com/rongulator/wp-content/uploads/Star-Wars-Episode-V-The-Empire-Strikes-Back-1980-poster.jpg
Gandhi,194,1982-12-02,188,Biography,Richard Attenborough,United Kingdom,PG,22000000.0,52767889.0,11,8,http://www.impawards.com/1982/posters/gandhi.jpg
Equilibrium,195,2002-12-06,107,Science Fiction,Kurt Wimmer,United States,15,20000000.0,5345000.0,0,0,https://i.etsystatic.com/41088122/r/il/1fc9b1/4841825803/il_fullxfull.4841825803_jn4w.jpg
From Dusk Till Dawn,196,1996-01-19,108,Horror,Robert Rodriguez,United States,18,20000000.0,25728961.0,0,0,https://originalvintagemovieposters.com/wp-content/uploads/2010/01/From-Dusk-till-Dawn-JMP.jpg
Raiders of the Lost Ark,197,1981-06-12,115,Adventure,Steven Spielberg,United States,PG,18000000.0,389900000.0,9,5,https://www.vintagemovieposters.co.uk/wp-content/uploads/2019/09/IMG_8301-1347x2048.jpeg
Back to the Future,199,1985-07-03,116,Science Fiction,Robert Zemeckis,United States,PG,19000000.0,392000000.0,4,1,http://www.prints4u.net/wp-content/uploads/2021/02/Back-to-the-Future-Part-II.jpg
Dances with Wolves,200,1990-10-19,180,Western,Kevin Costner,United States,15,2000000.0,424208848.0,12,7,https://www.themoviedb.org/t/p/original/s95A51fTZn1V2dV7CjPwq6YXnpB.jpg
Star Trek III: The Search For Spock,201,1984-06-01,105,Science Fiction,Leonard Nimoy,United States,PG,16000000.0,87000000.0,0,0,https://www.themoviedb.org/t/p/original/8ulOIwxOJHRonAAI4TYpqc3rcxQ.jpg
Borat: Cultural Learnings of America for Make Benefit Glorious Nation of Kazakhstan,202,2006-11-02,84,Comedy,Larry Charles,United Kingdom,15,18000000.0,261600000.0,1,0,https://static.rogerebert.com/uploads/movie/movie_poster/borat-cultural-learnings-of-america-for-make-benefit-glorious-nation-of-kazakhstan-2006/large_czn1hU2hJ9ZnDSMvT9lKo261ABH.jpg
Raging Bull,203,1980-11-14,129,Sport,Martin Scorsese,United States,18,18000000.0,23400000.0,8,2,https://www.vintagemovieposters.co.uk/wp-content/uploads/2018/04/IMG_3003.jpg
Aliens,204,1986-07-18,137,Science Fiction,James Cameron,United States,18,18000000.0,183300000.0,7,2,https://i.pinimg.com/originals/fb/da/65/fbda6573ce06d0398545d3ea80435ccb.jpg
Hero,205,2002-10-24,99,Martial Arts,Zhang Yimou,China,12A,31000000.0,177394432.0,1,0,https://fr.web.img6.acsta.net/pictures/19/12/09/09/26/0965861.jpg
Hot Fuzz,206,2007-02-14,121,Comedy,Edgar Wright,United Kingdom,15,12000000.0,80700000.0,0,0,https://image.tmdb.org/t/p/original/vkLaGR8SftieNiPI612dOt7InUR.jpg
Leon,207,1994-09-14,110,Thriller,Luc Besson,France,18,16000000.0,45284974.0,0,0,https://mir-s3-cdn-cf.behance.net/project_modules/disp/1bf6a018711821.5603ed6a2cfe9.jpg
High Plains Drifter,208,1973-08-22,105,Western,Clint Eastwood,United States,18,5500000.0,15700000.0,0,0,https://www.themoviedb.org/t/p/original/hVXEnXsoPGgAPuwRjEzO24GJaiu.jpg
Collateral,209,2004-08-06,120,Thriller,Michael Mann,United States,15,65000000.0,217800000.0,2,0,https://www.prints4u.net/wp-content/uploads/2021/04/Collateral-001-600x854.jpg
American Beauty,210,1999-09-08,122,Drama,Sam Mendes,United States,18,15000000.0,356296601.0,8,5,https://www.bestmovieposters.co.uk/wp-content/uploads/2019/01/KrXyrXkW.jpeg
Lethal Weapon,211,1987-03-06,110,Action,Richard Donner,United States,18,15000000.0,120207127.0,1,0,https://cdn.shopify.com/s/files/1/1416/8662/products/lethal_weapon_1987_original_film_art_2000x.JPG?v=1569120058
Lethal Weapon 2,212,1989-07-07,114,Action,Richard Donner,United States,15,25000000.0,227853986.0,1,0,https://cdn.shopify.com/s/files/1/1416/8662/products/lethalweapon2_1989_original_film_art_1200x.jpg?v=1591212328
"Crouching Tiger, Hidden Dragon",213,2000-07-06,120,Martial Arts,Ang Lee,China,12,17000000.0,213525736.0,10,4,https://cdn.shopify.com/s/files/1/1416/8662/products/crouching_tiger_hidden_dragon_original_film_art_spo_2000x.jpg?v=1551767304
Brokeback Mountain,214,2005-12-09,134,Drama,Ang Lee,United States,15,14000000.0,178000000.0,8,3,https://cdn.shopify.com/s/files/1/1416/8662/products/brokeback_mountain_2005_original_film_art_5000x.jpg?v=1581367877
Hulk,215,2003-06-20,138,Action,Ang Lee,United States,12A,137000000.0,245300000.0,0,0,https://image.tmdb.org/t/p/original/ovkZRy20F4YKddyQ9tVmVHatWiI.jpg
Sense and Sensibility,216,1995-12-13,136,Romance,Ang Lee,United Kingdom,U,16000000.0,134993774.0,7,1,https://picfiles.alphacoders.com/122/thumb-1920-122690.jpg
Ride with the Devil,217,1999-11-26,138,Western,Ang Lee,United States,15,38000000.0,635096.0,0,0,http://c8.alamy.com/comp/BPGRYX/film-poster-ride-with-the-devil-1999-BPGRYX.jpg
Twins,218,1988-12-09,105,Comedy,Ivan Reitman,United States,PG,18000000.0,216614388.0,0,0,https://www.themoviedb.org/t/p/original/iUlFv5o2WTSIxAZljmAejZhYC5H.jpg
28 Days Later,219,2002-11-01,113,Horror,Danny Boyle,United Kingdom,18,8000000.0,82719885.0,0,0,https://m.media-amazon.com/images/M/MV5BYTFkM2ViMmQtZmI5NS00MjQ2LWEyN2EtMTI1ZmNlZDU3MTZjXkEyXkFqcGdeQXVyNjU0OTQ0OTY@._V1_.jpg
The Beach,220,2000-02-11,115,Drama,Danny Boyle,United Kingdom,15,50000000.0,144000000.0,0,0,http://www.impawards.com/2000/posters/beach.jpg
Trainspotting,221,1996-02-23,93,Drama,Danny Boyle,United Kingdom,18,3100000.0,72000000.0,1,0,https://www.odysseycenter.com/wp-content/uploads/2017/04/trainspotting-poster.jpg
The Spy Who Loved Me,222,1977-07-07,125,Thriller,Lewis Gilbert,United Kingdom,PG,14000000.0,185400000.0,3,0,http://www.impawards.com/1977/posters/spy_who_loved_me_xlg.jpg
Downfall,223,2004-09-16,155,War,Oliver Hirschbiegel,Germany,15,13500000.0,72649179.0,1,0,http://www.impawards.com/2004/posters/downfall_ver4.jpg
Letters from Iwo Jima,224,2006-12-09,141,War,Clint Eastwood,United States,15,19000000.0,68673228.0,4,1,http://www.impawards.com/2006/posters/letters_from_iwo_jima_ver3_xlg.jpg
Star Trek II: The Wrath of Khan,225,1982-06-04,113,Science Fiction,Nicholas Meyer,United States,12,11200000.0,97000000.0,0,0,https://posterspy.com/wp-content/uploads/2022/09/wrath-of-khan-web.jpg
House of Flying Daggers,226,2004-05-19,119,Martial Arts,Zhang Yimou,China,15,12000000.0,92863945.0,1,0,https://image.tmdb.org/t/p/original/lMwVwfPTVbpMScANktbD7NmMFCi.jpg
Das Boot,227,1981-09-17,149,War,Wolfgang Peterson,Germany,15,12000000.0,84970337.0,6,0,https://cdn11.bigcommerce.com/s-ydriczk/images/stencil/1280x1280/products/84647/94610/Das-Boot-Directors-Cut-double-sided-original-movie-poster-buy-now-at-starstills__86213.1599753313.jpg?c=2?imbypass=on
Casino Royale,228,1967-04-28,131,Thriller,Ken Hughes,United Kingdom,U,12000000.0,41700000.0,1,0,https://www.vintagemovieposters.co.uk/wp-content/uploads/2022/09/IMG_8062-scaled.jpeg
Star Wars: Episode IV: A New Hope,229,1977-05-25,121,Science Fiction,George Lucas,United States,U,11000000.0,775400000.0,11,7,https://www.vintagemovieposters.co.uk/wp-content/uploads/2017/11/IMG_8957.jpg
E.T.: The Extra-Terrestrial,230,1982-06-11,115,Science Fiction,Steven Spielberg,United States,U,10500000.0,792900000.0,9,4,https://image.tmdb.org/t/p/original/cBfkE3HSH1NOyy1ftxlPw2l3ukb.jpg
Amelie,231,2001-04-25,123,Comedy,Jean-Pierre Jeunet,France,15,10000000.0,173921954.0,5,0,https://www.prints4u.net/wp-content/uploads/2021/04/Amelie-002.jpeg
You Only Live Twice,232,1967-06-12,117,Thriller,Lewis Gilbert,United States,PG,10300000.0,111000000.0,0,0,http://www.impawards.com/1967/posters/you_only_live_twice_ver3_xlg.jpg
Thunderball,233,1965-12-09,130,Thriller,Terence Young,United Kingdom,PG,9000000.0,141200000.0,1,1,https://originalvintagemovieposters.com/wp-content/uploads/2021/09/Thunderball-6547-scaled.jpg
Alien,234,1979-05-25,117,Science Fiction,Ridley Scott,United States,18,11000000.0,203600000.0,2,1,https://www.themoviedb.org/t/p/original/vfrQk5IPloGg1v9Rzbh2Eg3VGyM.jpg
On Her Majesty's Secret Service,236,1969-12-18,140,Thriller,Peter R. Hunt,United Kingdom,PG,7000000.0,64600000.0,0,0,http://www.impawards.com/1969/posters/on_her_majestys_secret_service_xxlg.jpg
Pulp Fiction,237,1994-10-14,154,Crime,Quentin Tarantino,United States,18,8500000.0,213900000.0,7,1,https://www.themoviedb.org/t/p/original/pbWgQPC6l9pkpEpi3WNRSfWYNP6.jpg
Rumble in the Bronx,238,1995-01-21,106,Martial Arts,Stanley Tong,Hong Kong,15,7500000.0,32392047.0,0,0,https://www.themoviedb.org/t/p/original/4DnXEzjQCL0tGe1XQNxB0ZMfTIl.jpg
Diamonds are Forever,239,1971-12-14,120,Thriller,Guy Hamilton,United Kingdom,PG,7200000.0,116000000.0,1,0,https://originalvintagemovieposters.com/wp-content/uploads/2017/02/Diamonds-Are-Forever-4462.jpg
Fargo,240,1996-03-08,98,Crime,Joel Coen,United States,18,7000000.0,60611975.0,7,2,http://impawards.com/1996/posters/fargo.jpg
Live and Let Die,241,1973-06-27,121,Thriller,Guy Hamilton,United Kingdom,PG,7000000.0,126400000.0,1,0,https://i.pinimg.com/originals/41/f4/ea/41f4ea9874e1ee71e4ea50193990b982.jpg
The Man with the Golden Gun,242,1974-12-19,125,Thriller,Guy Hamilton,United Kingdom,PG,7000000.0,98500000.0,0,0,http://cdn.shopify.com/s/files/1/1057/4964/products/the-man-with-the-golden-gun-vintage-movie-poster-original-3-sheet-41x81-3842.jpg?v=1663220195
"Good Night, and Good Luck",243,2005-10-07,93,Drama,George Clooney,United States,PG,7000000.0,56500000.0,6,0,http://www.impawards.com/2005/posters/good_night_and_good_luck_ver3_xlg.jpg
Pale Rider,244,1985-06-26,116,Western,Clint Eastwood,United States,15,6900000.0,41410568.0,0,0,https://i.etsystatic.com/35599031/r/il/87dad0/3890149266/il_1080xN.3890149266_klfz.jpg
The Terminator,245,1984-10-26,108,Science Fiction,James Cameron,United States,15,6400000.0,78400000.0,0,0,https://www.themoviedb.org/t/p/original/omeCJtJMaXWk2wiMndLSuVs1zSf.jpg
Around the World in 80 Days,246,1956-10-17,183,Adventure,Michael Anderson,United States,U,6000000.0,42000000.0,8,5,https://4.bp.blogspot.com/-8K6AE4sx5A8/Vv_L7zMRIVI/AAAAAAAASxE/rEi_rx1rUoIGEeah6UUFZeHXdlzoNpIMQ/s1600/around-world-80-days-movie-poster.jpg
The Usual Suspects,249,1995-08-25,106,Crime,Bryan Singer,United States,18,6000000.0,23300000.0,2,2,http://images.moviepostershop.com/the-usual-suspects-movie-poster-1995-1020413550.jpg
Memento,250,2000-09-05,113,Thriller,Christopher Nolan,United States,15,9000000.0,39700000.0,2,0,https://artofthemovies.co.uk/cdn/shop/products/IMG_8053-1_1024x1024@2x.jpg?v=1648747362
Shaun of the Dead,251,2004-04-09,99,Comedy,Edgar Wright,United Kingdom,15,6000000.0,30000000.0,0,0,https://www.themoviedb.org/t/p/original/AoOlCKSK1P8pN21bRenuggrVzn7.jpg
Four Weddings and a Funeral,252,1994-05-13,117,Romance,Mike Newell,United Kingdom,15,4500000.0,257700832.0,2,0,https://cdn.posteritati.com/posters/000/000/050/166/four-weddings-and-a-funeral-md-web.jpg
Night Watch,253,2004-07-08,114,Fantasy,Timur Bekmambetov,Russia,15,4200000.0,33899078.0,0,0,http://www.impawards.com/1998/posters/nightwatch_ver1_xlg.jpg
Goldfinger,254,1964-09-17,110,Thriller,Guy Hamilton,United States,PG,3000000.0,124900000.0,1,1,https://image.tmdb.org/t/p/original/A8nLrZF5FGDkyrJ4aJDESSaZuWr.jpg
The Lives of Others,255,2006-03-23,137,Drama,Florian Henckel von Donnersmarck,Germany,15,2000000.0,77356942.0,1,1,http://www.impawards.com/2007/posters/lives_of_others_ver5.jpg
From Russia with Love,256,1963-10-10,115,Thriller,Terence Young,United Kingdom,PG,2000000.0,78900000.0,0,0,https://www.themoviedb.org/t/p/original/r3Nanr0C0Lv7fggkvke81SXHLBM.jpg
Reservoir Dogs,257,1992-10-23,99,Crime,Quentin Tarantino,United States,18,1200000.0,22000000.0,0,0,https://image.tmdb.org/t/p/original/lsBnfheKZBO3UKU7lVHIeGZLWuF.jpg
Dr. No,258,1962-10-05,109,Thriller,Terence Young,United Kingdom,PG,1100000.0,59500000.0,0,0,https://www.bestmovieposters.co.uk/wp-content/uploads/2020/01/dr-no-674x1024.jpg
King Kong,259,1933-04-07,100,Adventure,Merian C. Cooper,United States,PG,672000.0,2847000.0,0,0,https://www.themoviedb.org/t/p/original/6a2HY6UmD7XiDD3NokgaBAXEsD2.jpg
Seven Samurai,260,1954-04-26,207,Action,Akira Kurosawa,Japan,PG,2000000.0,4500000.0,2,0,https://image.tmdb.org/t/p/original/l2lXlZj3Xf2mkRsCwouP09uJRoc.jpg
Super Size Me,261,2004-09-10,98,Documentary,Morgan Spurlock,United States,12A,65000.0,29529368.0,1,0,http://images.moviepostershop.com/super-size-me-movie-poster-2004-1020211898.jpg
Kagemusha,262,1980-04-26,180,Drama,Akira Kurosawa,Japan,PG,7500000.0,26000000.0,2,0,https://filmartgallery.com/cdn/shop/files/Kagemusha-Vintage-Movie-Poster-Original-40x60_1600x.progressive.jpg?v=1688072542
Ran,263,1985-05-31,162,Drama,Akira Kurosawa,Japan,15,12000000.0,15000000.0,4,1,https://cdn.traileraddict.com/content/optimum-releasing/ran-1985-poster.jpg
Sunshine,264,2007-04-06,107,Science Fiction,Danny Boyle,United Kingdom,15,40000000.0,32017803.0,0,0,https://i.pinimg.com/originals/7d/1d/a7/7d1da775535e2fd5016f319da7ae0a70.jpg
Once Were Warriors,265,1995-04-14,102,Drama,Lee Tamahori,New Zealand,18,1000000.0,1608570.0,0,0,https://www.themoviedb.org/t/p/original/bgN9TFi8a5cTkOBYhGMfcxu7x5N.jpg
Flushed Away,266,2006-11-03,85,Animation,David Bowers,United Kingdom,PG,149000000.0,178120010.0,0,0,http://www.impawards.com/2006/posters/flushed_away_ver6.jpg
Indiana Jones and the Kingdom of the Crystal Skull,267,2008-05-22,122,Adventure,Steven Spielberg,United States,12A,185000000.0,786600000.0,0,0,https://www.themoviedb.org/t/p/original/7wHTC8x02wVMfOh1zHbj72T7LWp.jpg
Transformers: Age of Extinction,270,2014-06-27,165,Science Fiction,Michael Bay,United States,12A,210000000.0,1091000000.0,0,0,https://image.tmdb.org/t/p/original/rUl1pgq06SqJGa469iNv11Elebt.jpg
The Hobbit: The Battle of the Five Armies,271,2014-12-01,174,Fantasy,Peter Jackson,New Zealand,12A,250000000.0,955100000.0,1,0,https://www.themoviedb.org/t/p/original/xT98tLqatZPQApyRmlPL12LtiWp.jpg
Guardians of the Galaxy,272,2014-08-01,122,Science Fiction,James Gunn,United States,12A,195900000.0,774200000.0,2,0,https://www.themoviedb.org/t/p/original/htZ0UOpRdKagXtC0QTIvdDjFl7R.jpg
Maleficent,273,2014-05-28,98,Fantasy,Robert Stromberg,United States,PG,180000000.0,758400000.0,1,0,https://www.themoviedb.org/t/p/original/sjqnY19jQrIZI4cDRIpQD3O7efM.jpg
X-Men: Days of Future Past,274,2014-05-22,131,Action,Bryan Singer,United States,12A,200000000.0,748100000.0,0,0,https://www.themoviedb.org/t/p/original/xpAWvKdXLX2cSe3iv9dVKZMP0MK.jpg
Captain America: The Winter Soldier,275,2014-04-04,136,Action,Anthony Russo,United States,12A,170000000.0,714400000.0,1,0,http://www.scannain.com/media/captain-america-the-winter-soldier_poster-1.jpg
The Hunger Games: Mockingjay Part 1,276,2014-11-10,123,Adventure,Francis Lawrence,United States,12A,125000000.0,755400000.0,0,0,http://cdn.collider.com/wp-content/uploads/the-hunger-games-mockingjay-part-1-final-poster.jpg
The Amazing Spider-Man 2,277,2014-04-10,141,Action,Marc Webb,United States,12A,255000000.0,709000000.0,0,0,https://www.themoviedb.org/t/p/original/sloRo2wS6T4yG3M6JzhGg8Wu0Z2.jpg
Dawn of the Planet of the Apes,278,2014-07-11,130,Action,Matt Reeves,United States,12A,170000000.0,710600000.0,1,0,https://www.themoviedb.org/t/p/original/nIcZlG4DuAinlEkUzSIEmXy3F5v.jpg
Interstellar,279,2014-11-07,169,Science Fiction,Christopher Nolan,United States,12A,165000000.0,675100000.0,5,1,https://cdn.shopify.com/s/files/1/1416/8662/products/interstellar_2014_advance_original_film_art_682852f2-23f6-46de-a1db-4029d5b6f0b4_2000x.jpg?v=1574284010
Frozen,280,2013-11-27,102,Animation,Chris Buck,United States,PG,150000000.0,1276000000.0,2,2,https://image.tmdb.org/t/p/original/h2uN3MVsyCZjBS1CSqUpOrQ1XWb.jpg
Iron Man 3,281,2013-05-03,130,Action,Shane Black,United States,12A,200000000.0,1215000000.0,1,0,https://www.themoviedb.org/t/p/original/zeIYSkEn36SCgBvj9SGO6tKqugv.jpg
Despicable Me 2,282,2013-07-03,98,Animation,Pierre Coffin,United States,U,76000000.0,970800000.0,2,0,https://www.themoviedb.org/t/p/original/kf8AFO8O7QJQlQ7pJwxSTNfctvV.jpg
The Hobbit: The Desolation of Smaug,283,2013-12-13,161,Fantasy,Peter Jackson,New Zealand,12A,225000000.0,958400000.0,3,0,https://www.themoviedb.org/t/p/original/qOKPhHqh7Eymsovk2bKyca59iC6.jpg
The Hunger Games: Catching Fire,284,2013-11-11,146,Adventure,Francis Lawrence,United States,12A,130000000.0,865000000.0,0,0,http://vignette3.wikia.nocookie.net/thehungergames/images/4/4c/The-Hunger-Games-Catching-Fire-Movie-Poster.jpg/revision/latest/scale-to-width-down/2000?cb=20151119232338
Fast & Furious 6,285,2013-05-07,130,Action,Justin Lin,United States,12A,160000000.0,788700000.0,0,0,https://image.tmdb.org/t/p/original/8SwWYnq97OFcI15bG0Wg4Q9fBB5.jpg
Monsters University,286,2013-06-21,104,Animation,Dan Scanlon,United States,U,200000000.0,743600000.0,0,0,http://www.impawards.com/2013/posters/monsters_university_ver14.jpg
Gravity,287,2013-10-04,91,Science Fiction,Alfonso Cuaron,United States,12A,100000000.0,723200000.0,10,7,https://cdn.shopify.com/s/files/1/1416/8662/products/gravity_2013_advance_original_film_art_30d74323-6a3b-4901-a3a4-bd946e9c0c45_1200x.jpg?v=1589238161
Man of Steel,288,2013-06-14,143,Action,Zack Snyder,United States,12A,225000000.0,668000000.0,0,0,https://static.tvgcdn.net/feed/1/219/thumbs/11724219_1300x1733.jpg
Thor: The Dark World,289,2013-10-22,112,Action,Alan Taylor,United States,12A,170000000.0,644600000.0,0,0,http://cdn.collider.com/wp-content/uploads/thor-the-dark-world-poster-final.jpg
The Avengers,290,2012-05-04,143,Action,Joss Whedon,United States,12A,220000000.0,1520000000.0,1,0,https://www.themoviedb.org/t/p/original/qMxAmzGQO722q0UlssCOPhrXmvX.jpg
Skyfall,291,2012-10-26,143,Thriller,Sam Mendes,United Kingdom,12A,150000000.0,1109000000.0,5,2,https://www.themoviedb.org/t/p/original/a2IMXdCVNmWjQEL85UCTNGqtNIm.jpg
The Dark Knight Rises,292,2012-07-20,165,Action,Christopher Nolan,United States,12A,230000000.0,1085000000.0,0,0,https://www.themoviedb.org/t/p/original/lEeOaKZf16R1cZCuryP859SKgE7.jpg
The Hobbit: An Unexpected Journey,293,2012-12-14,169,Fantasy,Peter Jackson,New Zealand,12A,200000000.0,1021000000.0,3,0,https://www.themoviedb.org/t/p/original/sJEPpNEIELIxX8SzffqvBn62obx.jpg
Ice Age: Continental Drift,294,2012-06-27,88,Animation,Mike Thurmeier,United States,U,95000000.0,877200000.0,0,0,https://www.themoviedb.org/t/p/original/dfp1BZF7FxbBUyzHvMOI9t8NWDD.jpg
The Twilight Saga: Breaking Dawn - Part 2,295,2012-11-16,115,Awful,Bill Condon,United States,12A,120000000.0,829700000.0,0,0,https://film-book.com/wp-content/uploads/2012/10/the-twilight-saga-breaking-dawn-part-2-movie-poster-01-3377x5000.jpeg
The Amazing Spider-Man,296,2012-07-03,136,Action,Marc Webb,United States,12A,230000000.0,757900000.0,0,0,https://www.themoviedb.org/t/p/original/mc6B4XxCUsY29M5qU0BEBhxBa7t.jpg
Madagascar 3: Europe's Most Wanted,297,2012-06-08,93,Animation,Eric Darnell,United States,PG,145000000.0,746900000.0,0,0,https://www.themoviedb.org/t/p/original/ekraj4ksvIKeuvQVEevEJkuybZd.jpg
The Hunger Games,298,2012-03-23,142,Science Fiction,Gary Ross,United States,12A,78000000.0,694400000.0,0,0,https://s2982.pcdn.co/wp-content/uploads/2015/11/Hunger-Games-Teaser-Poster-Large.jpg
Men in Black 3,299,2012-05-25,106,Science Fiction,Barry Sonnenfeld,United States,PG,215000000.0,624000000.0,0,0,https://www.themoviedb.org/t/p/original/1TBpVlhcW7kFgDCF1THdbwh9i3c.jpg
Harry Potter and the Deathly Hallows - Part 2,300,2011-07-15,130,Fantasy,David Yates,United Kingdom,12A,250000000.0,1342000000.0,3,0,https://image.tmdb.org/t/p/original/gOduLS90AehfJPoJMizaRkC3Hoz.jpg
Transformers: Dark of the Moon,301,2011-06-29,157,Science Fiction,Michael Bay,United States,12A,195000000.0,1124000000.0,3,0,https://www.themoviedb.org/t/p/original/e6KWBONKNm1qTa8zRpPEDmRg4CR.jpg
Pirates of the Caribbean: On Stranger Tides,302,2011-05-20,137,Adventure,Rob Marshall,United States,12A,378500000.0,1046000000.0,0,0,http://cdn.collider.com/wp-content/uploads/pirates-of-the-caribbean-on-stranger-tides-penelope-cruz-poster-01.jpg
The Twilight Saga: Breaking Dawn - Part 1,303,2011-11-18,117,Awful,Bill Condon,United States,12A,110000000.0,712200000.0,0,0,https://image.tmdb.org/t/p/original/yDYD4kLLLQo1DVLyr7HibLAPWfN.jpg
Mission: Impossible - Ghost Protocol,304,2011-12-16,133,Thriller,Brad Bird,United States,12A,145000000.0,694700000.0,0,0,https://www.themoviedb.org/t/p/original/psiWp3VTjznfokmGQG9uqiiknQQ.jpg
Kung Fu Panda 2,305,2011-05-26,90,Animation,Jennifer Yuh Nelson,United States,PG,150000000.0,665700000.0,1,0,https://www.themoviedb.org/t/p/original/mtqqD00vB4PGRt20gWtGqFhrkd0.jpg
Fast Five,306,2011-04-29,130,Action,Justin Lin,United States,12A,125000000.0,626100000.0,0,0,https://image.tmdb.org/t/p/original/7F6MH7NDhMU3x3RQtPqXEjN2qg0.jpg
The Hangover Part II,307,2011-05-26,102,Comedy,Todd Phillips,United States,15,80000000.0,586800000.0,0,0,http://www.impawards.com/2011/posters/hangover_part_ii_ver2.jpg
The Smurfs,308,2011-07-29,103,Animation,Raja Gosnell,United States,U,110000000.0,563700000.0,0,0,https://www.themoviedb.org/t/p/original/vRhnslP2gW0QDym7BsMeSuioUfK.jpg
Cars 2,309,2011-06-24,106,Animation,John Lasseter,United States,U,200000000.0,559900000.0,0,0,http://img2.wikia.nocookie.net/__cb20120323041628/disney/images/3/3c/Cars2_Poster.jpg
Toy Story 3,310,2010-06-18,103,Animation,Lee Unkrich,United States,U,200000000.0,1063000000.0,5,2,https://www.themoviedb.org/t/p/original/6wWr7LSEjYMLOpu492AAvIXND4B.jpg
Alice in Wonderland,311,2010-02-25,108,Fantasy,Tim Burton,United Kingdom,PG,150000000.0,1025000000.0,3,2,https://www.themoviedb.org/t/p/original/o0kre9wRCZz3jjSjaru7QU0UtFz.jpg
Harry Potter and the Deathly Hallows - Part 1,312,2010-11-19,146,Fantasy,David Yates,United Kingdom,12A,250000000.0,960300000.0,2,0,https://image.tmdb.org/t/p/original/bk1EWfRW0U76sWZiLDL1T7J0XV9.jpg
Inception,313,2010-07-16,148,Science Fiction,Christopher Nolan,United States,12A,160000000.0,825500000.0,8,4,https://www.aceshowbiz.com/images/still/inception_poster01.jpg
Shrek Forever After,314,2010-05-21,93,Animation,Mike Mitchell,United States,U,135000000.0,753000000.0,0,0,https://image.tmdb.org/t/p/original/pZS5WuDBh2eQmkjdtx40DQ2gvfC.jpg
The Twilight Saga: Eclipse,315,2010-06-30,123,Awful,David Slade,United States,12A,68000000.0,698500000.0,0,0,http://www.collider.com/wp-content/uploads/the-twilight-saga-eclipse-movie-poster-final.jpg
Iron Man 2,316,2010-05-07,125,Action,Jon Favreau,United States,12A,200000000.0,623900000.0,1,0,https://i.pinimg.com/originals/1f/e9/88/1fe9882091f41910fae12f881c6de592.jpg
Tangled,317,2010-11-24,100,Animation,Nathan Greno,United States,PG,260000000.0,591800000.0,1,0,https://www.themoviedb.org/t/p/original/zmQ4RVdNXQk91JgVYDorTIROaHM.jpg
Despicable Me,318,2010-07-09,95,Animation,Pierre Coffin,United States,U,69000000.0,543200000.0,0,0,https://image.tmdb.org/t/p/original/bRZT3dAv85TWLmQj4fhQg06W07D.jpg
How to Train Your Dragon,319,2010-03-26,98,Animation,Dean DeBlois,United States,PG,165000000.0,494900000.0,2,0,https://www.bestmovieposters.co.uk/wp-content/uploads/2019/01/XNuoRQmV.jpeg
Avatar,320,2009-12-17,161,Science Fiction,James Cameron,United States,12A,237000000.0,2788000000.0,9,3,https://cdna.artstation.com/p/assets/images/images/031/645/214/large/shreyas-raut-avatar-2.jpg?1604210989
Harry Potter and the Half-Blood Prince,321,2009-07-15,153,Fantasy,David Yates,United Kingdom,12A,250000000.0,934400000.0,1,0,https://image.tmdb.org/t/p/original/jLifYmAje5Mdc4sha8UdwA4tHK6.jpg
Ice Age: Dawn of the Dinosaurs,322,2009-07-01,94,Animation,Carlos Saldanha,United States,U,90000000.0,886700000.0,0,0,https://www.themoviedb.org/t/p/original/rhBklCFe8G6sSHxUx76MSFotFga.jpg
Transformers: Revenge of the Fallen,323,2009-06-19,150,Science Fiction,Michael Bay,United States,12A,200000000.0,836300000.0,1,0,https://www.themoviedb.org/t/p/original/dImtrcBjnU1OoVBQ0IzyDM6WVHy.jpg
2012,324,2009-11-13,158,Disaster,Roland Emmerich,United States,12A,200000000.0,769700000.0,0,0,http://hopkins.typepad.com/.a/6a00d83451db8d69e20128769e851e970c-800wi
Up,325,2009-05-29,96,Animation,Pete Docter,United States,U,175000000.0,731400000.0,5,2,https://www.themoviedb.org/t/p/original/4HJWbaqpJeTMWvvElpGe6vzTxBX.jpg
The Twilight Saga: New Moon,326,2009-11-20,130,Awful,Chris Weitz,United States,12A,50000000.0,709700000.0,0,0,http://www.impawards.com/2009/posters/twilight_saga_new_moon_xlg.jpg
Sherlock Holmes,327,2009-12-26,128,Mystery,Guy Ritchie,United Kingdom,12A,90000000.0,524000000.0,2,0,https://www.themoviedb.org/t/p/original/momkKuWburNTqKBF6ez7rvhYVhE.jpg
Angels & Demons,328,2009-05-15,138,Mystery,Ron Howard,United States,15,150000000.0,485900000.0,0,0,http://www.impawards.com/2009/posters/angels_and_demons_ver2_xlg.jpg
The Hangover,329,2009-06-05,100,Comedy,Todd Phillips,United States,15,35000000.0,467500000.0,0,0,https://i.etsystatic.com/23402008/r/il/de5009/2375621545/il_1140xN.2375621545_9eq0.jpg
The Dark Knight,330,2008-07-24,152,Action,Christopher Nolan,United States,12A,185000000.0,1005000000.0,8,2,https://cdn.shopify.com/s/files/1/1416/8662/products/dark_knight_english_original_film_art_spo_2000x.jpg?v=1543419185
Kung Fu Panda,332,2008-06-06,92,Animation,Mark Osborne,United States,PG,130000000.0,631700000.0,1,0,https://cdn.shopify.com/s/files/1/1416/8662/products/KungFuPanda_2008_original_film_art_f_1200x.jpg?v=1586555846
Hancock,333,2008-07-02,92,Action,Peter Berg,United States,12A,150000000.0,624300000.0,0,0,https://image.tmdb.org/t/p/original/7DyuV2G0hLEqHeueDfOqhZ2DVut.jpg
Mamma Mia!,334,2008-06-30,109,Musical,Phyllida Lloyd,United Kingdom,PG,52000000.0,609800000.0,0,0,http://www.impawards.com/2008/posters/mamma_mia_ver2_xlg.jpg
Madagascar: Escape 2 Africa,335,2008-11-07,89,Animation,Eric Darnell,United States,PG,150000000.0,602300000.0,0,0,http://images.moviepostershop.com/madagascar-escape-2-africa-movie-poster-2008-1020418283.jpg
Quantum of Solace,336,2008-10-31,106,Thriller,Marc Forster,United Kingdom,12A,200000000.0,586100000.0,0,0,"https://lumiere-a.akamaihd.net/v1/images/20cs_quantum_of_solace_poster_current_be3f31ce.jpeg?region=0,0,800,1200"
Iron Man,337,2008-05-02,126,Action,Jon Favreau,United States,12A,140000000.0,585200000.0,2,0,https://image.tmdb.org/t/p/original/rYy4MShKrZVXhiG4BLqwW1PeSOT.jpg
WALL-E,338,2008-06-27,98,Animation,Andrew Stanton,United States,U,180000000.0,521300000.0,6,1,http://www.cinemasterpieces.com/walle2.jpg
The Chronicles of Narnia: Prince Caspian,339,2008-05-16,150,Fantasy,Andrew Adamson,United Kingdom,PG,225000000.0,419700000.0,0,0,http://www.narniaweb.com/wp-content/uploads/2009/08/caspian-teaser.jpg
National Treasure: Book of Secrets,340,2007-12-21,124,Adventure,Jon Turteltaub,United States,PG,130000000.0,457400000.0,0,0,https://www.themoviedb.org/t/p/original/2nZPvS9wjqlJAkes8FkNKjyVeuj.jpg
Frost/Nixon,341,2008-10-15,122,Drama,Ron Howard,United States,15,25000000.0,27400000.0,5,0,https://image.tmdb.org/t/p/original/zGV85Q746H4i2vs5ovYapAYbCnW.jpg
Ice Age: The Meltdown,342,2006-03-31,91,Animation,Carlos Saldanha,United States,U,80000000.0,660900000.0,0,0,https://www.themoviedb.org/t/p/original/hzJzd0OFRHjSykLuSmDG8ssPJAn.jpg
Night at the Museum,343,2006-12-22,108,Adventure,Shawn Levy,United States,PG,110000000.0,574500000.0,0,0,https://www.themoviedb.org/t/p/original/ygZH9v1bCv4nSdMjmLbjNsjtKHi.jpg
Cars,344,2006-06-09,116,Animation,John Lasseter,United States,PG,120000000.0,462000000.0,2,0,https://i.pinimg.com/originals/f9/d2/c8/f9d2c8e56f1c403d3b83a2ebfe1b5b60.jpg
Happy Feet,345,2006-11-17,108,Animation,George Miller,Australia,U,100000000.0,384300000.0,1,1,https://d3tudoxwnizvk7.cloudfront.net/gallery-jpeg/happy_feet_posterlarge_0-281322805.jpg
"The Chronicles of Narnia: The Lion, the Witch and the Wardrobe",346,2005-12-08,145,Fantasy,Andrew Adamson,United Kingdom,PG,180000000.0,745000000.0,3,1,https://www.themoviedb.org/t/p/original/cuZkC3Aa63OreOM9sxbS4AaQdxN.jpg
Madagascar,347,2005-05-27,86,Animation,Eric Darnell,United States,U,75000000.0,532700000.0,0,0,https://image.tmdb.org/t/p/original/a4SnZNmNR4NfRe26Nj9IzaESZoz.jpg
Hitch,348,2005-02-11,118,Romance,Andy Tennant,United States,12A,70000000.0,368100000.0,0,0,http://www.impawards.com/2005/posters/hitch_ver2_xlg.jpg
The Incredibles,349,2004-11-05,115,Animation,Brad Bird,United States,U,92000000.0,633000000.0,4,2,https://cdn.shopify.com/s/files/1/1416/8662/products/incredibles_2004_advance_originak_film_art_5000x.jpg?v=1569241145
Meet the Fockers,350,2004-12-22,115,Comedy,Jay Roach,United States,12A,80000000.0,516000000.0,0,0,https://www.themoviedb.org/t/p/original/1kkx1qEmMOmBdPbJDoQDRmmCzlE.jpg
Shark Tale,351,2004-10-01,90,Animation,Vicky Jenson,United States,U,75000000.0,367300000.0,1,0,https://www.themoviedb.org/t/p/original/octeSDSzUxH6YF7fSqp2zXrHrid.jpg
Finding Nemo,352,2003-05-30,100,Animation,Andrew Stanton,United States,U,94000000.0,940300000.0,4,1,"https://i2.wp.com/www.thepurplepumpkinblog.co.uk/wp-content/uploads/2015/07/Disney-Pixar-Finding-Nemo-Poster.jpeg?resize=800,1156"
Terminator 3: Rise of the Machines,353,2003-07-02,109,Science Fiction,Jonathan Mostow,United States,12A,187300000.0,433400000.0,0,0,https://www.themoviedb.org/t/p/original/qAnafzrd9Y5pVTWAP0tSDDMPzTR.jpg
Bad Boys II,354,2003-07-18,147,Action,Michael Bay,United States,15,130000000.0,273300000.0,0,0,https://www.themoviedb.org/t/p/original/9vicNYDXe2VtJJVMrz5q9jVgrps.jpg
Signs,355,2002-08-02,107,Mystery,M. Night Shyamalan,United States,12A,72000000.0,408200000.0,0,0,https://cdn.shopify.com/s/files/1/1416/8662/products/signs_2002_original_film_art_2000x.jpg?v=1551894602
Ice Age,356,2002-03-15,81,Animation,Carlos Saldanha,United States,U,59000000.0,383300000.0,1,0,https://www.themoviedb.org/t/p/original/a9KQWWLsKxtTktbaXaKigxgMMjT.jpg
My Big Fat Greek Wedding,357,2002-04-19,95,Comedy,Joel Zwick,Canada,PG,5000000.0,368700000.0,1,0,https://1.bp.blogspot.com/-LQO-NHGREWc/Vv-sy1Dih6I/AAAAAAAASvU/xmidjm1ReaE9mo-OQD45ye6nqee6-EzMg/s1600/my-big-fat-greek-wedding-movie-poster.jpg
The Mummy Returns,358,2001-05-04,130,Adventure,Stephen Sommers,United States,12,98000000.0,433000000.0,0,0,https://www.themoviedb.org/t/p/original/kdJsW7hcy1lrj7tdMPycTAQPAiR.jpg
Jurassic Park III,359,2001-07-18,92,Adventure,Joe Johnston,United States,PG,93000000.0,368800000.0,0,0,https://www.themoviedb.org/t/p/original/6erzUICe5BpenWp9SRtz8ShAAhL.jpg
Hannibal,360,2001-02-09,132,Thriller,Ridley Scott,United States,18,87000000.0,351600000.0,0,0,https://image.tmdb.org/t/p/original/v5wAZwRqpGWmyAaaJ8BBHYuNXnj.jpg
What Women Want,361,2000-12-15,127,Comedy,Nancy Meyers,United States,12,70000000.0,374111707.0,0,0,http://www.impawards.com/2000/posters/what_women_want_xlg.jpg
Dinosaur,362,2000-05-19,82,Animation,Ralph Zondag,United States,PG,127500000.0,349800000.0,0,0,https://image.tmdb.org/t/p/original/tVHjtb0qm5h04sqdDNQTfrGpMjw.jpg
How the Grinch Stole Christmas,363,2000-11-17,104,Comedy,Ron Howard,United States,PG,123000000.0,345100000.0,3,1,https://www.themoviedb.org/t/p/original/yCZ3xAPM5009ltBUUwPtCeWKQWy.jpg
Meet the Parents,364,2000-10-06,108,Comedy,Jay Roach,United States,12,55000000.0,330400000.0,1,0,https://www.themoviedb.org/t/p/original/mR7CtfSwM5RIfjNao55j0mpEQl3.jpg
What Lies Beneath,365,2000-07-21,130,Horror,Robert Zemeckis,United States,15,100000000.0,291400000.0,0,0,https://www.themoviedb.org/t/p/original/hFS3Q2h1FrBiE18LES8DyJEBnmP.jpg
Toy Story 2,366,1999-11-24,95,Animation,John Lasseter,United States,U,90000000.0,497400000.0,1,0,https://www.lulu-berlu.com/upload/image/toy-story-2---movie-poster-40x60cm---buena-vista-pictures-1999-p-image-466960-grande.jpg
Tarzan,367,1999-06-16,88,Animation,Kevin Lima,United States,U,130000000.0,448200000.0,1,1,https://www.themoviedb.org/t/p/original/5CUBycHnNpM3VK1WlPCTD67gsPa.jpg
The Mummy,368,1999-05-07,125,Adventure,Stephen Sommers,United States,12,80000000.0,415900000.0,1,0,"http://i1.wp.com/kentfilmoffice.co.uk/wp-content/uploads/2011/10/The-Mummy-movieposterdb.jpg?fit=800,1200"
Notting Hill,369,1999-05-21,124,Romantic Comedy,Roger Michell,United Kingdom,15,43000000.0,363889678.0,0,0,https://c8.alamy.com/comp/2K4TMPE/notting-hill-1999-notting-hill-movie-poster-julia-roberts-hugh-grant-2K4TMPE.jpg
Austin Powers: The Spy Who Shagged Me,370,1999-06-11,96,Comedy,Jay Roach,United States,12,33000000.0,312000000.0,1,0,https://image.tmdb.org/t/p/original/jiF7UShERJFn5RtgfBK2lIJrOTc.jpg
Godzilla,371,1998-05-20,139,Science Fiction,Roland Emmerich,United States,PG,130000000.0,379000000.0,0,0,https://posterspy.com/wp-content/uploads/2020/01/Gozilla-Poster1_Joel-Jensen.jpg
There's Something About Mary,372,1998-07-15,119,Comedy,Peter Farrelly,United States,15,23000000.0,369900000.0,0,0,https://image.tmdb.org/t/p/original/wxlgvMH6PUJM7RcXxJ8uzufTdfl.jpg
A Bug's Life,373,1998-11-25,95,Animation,John Lasseter,United States,U,120000000.0,363300000.0,1,0,https://www.allaboutmovies.com.au/media/k2/items/cache/1f516c300f5ccca549b5990f36e42073_XL.jpg
Mulan,374,1998-06-19,87,Animation,Barry Cook,United States,U,90000000.0,304300000.0,1,0,https://picfiles.alphacoders.com/396/396240.jpg
Dr. Dolittle,375,1998-06-26,85,Comedy,Betty Thomas,United States,PG,70500000.0,294400000.0,0,0,https://alchetron.com/cdn/Dr-Dolittle-film-images-623ff8cc-c510-4693-93b8-d30dd858104.jpg
Shakespeare in Love,376,1998-12-03,123,Romantic Comedy,John Madden,United Kingdom,15,25000000.0,289300000.0,13,7,https://cdn11.bigcommerce.com/s-yzgoj/images/stencil/1280x1280/products/2013117/4252706/apiy0hqlz__95308.1625667717.jpg?c=2
The Lost World: Jurassic Park,377,1997-05-23,129,Adventure,Steven Spielberg,United States,PG,73000000.0,618600000.0,1,0,https://image.tmdb.org/t/p/original/7gzRSbnXdaR8flWp5C9LtetG6U0.jpg
Air Force One,378,1997-07-25,124,Thriller,Wolfgang Peterson,United States,15,85000000.0,315100000.0,2,0,https://image.tmdb.org/t/p/original/wHPgMQPDsduw79sGRdPVvKY1QCE.jpg
Liar Liar,380,1997-03-21,88,Comedy,Tom Shadyac,United States,12,45000000.0,302700000.0,0,0,https://www.moviepostersgallery.com/wp-content/uploads/2018/K-L/Liarliar1.jpg
My Best Friend's Wedding,381,1997-06-20,104,Romantic Comedy,P. J. Hogan,United States,12,38000000.0,299300000.0,1,0,https://i.pinimg.com/originals/76/70/7a/76707aebc2372fdcbd4b337a26eae35e.jpg
The Full Monty,382,1997-08-29,91,Comedy,Peter Cattaneo,United Kingdom,15,3500000.0,258000000.0,4,1,http://images2.fanpop.com/image/photos/12100000/The-Full-Monty-Poster-90s-films-12111557-580-862.jpg
Twister,383,1996-05-17,113,Disaster,Jan de Bont,United States,PG,92000000.0,494400000.0,2,0,http://images.moviepostershop.com/twister-movie-poster-1990-1020250057.jpg
The Hunchback of Notre Dame,384,1996-06-21,91,Animation,Gary Trousdale,United States,U,100000000.0,325300000.0,1,0,https://s3.amazonaws.com/static.rogerebert.com/uploads/movie/movie_poster/the-hunchback-of-notre-dame-1996/large_yZfl7VfzTrojXOw93oTxJQrDfq0.jpg
101 Dalmatians,385,1996-11-27,103,Family,Stephen Herek,United States,U,75000000.0,320600000.0,0,0,https://cdn.traileraddict.com/content/walt-disney-pictures/101-dalmations-1961-poster-2.jpg
Ransom,386,1996-11-08,121,Thriller,Ron Howard,United States,15,80000000.0,309500000.0,0,0,http://www.impawards.com/1996/posters/ransom.jpg
The Nutty Professor,387,1996-06-28,95,Comedy,Tom Shadyac,United States,12,54000000.0,274000000.0,1,1,https://www.themoviedb.org/t/p/original/mN5PuFGp8WRqUsYAzxBZkVkDL8f.jpg
Jerry Maguire,388,1996-12-13,139,Drama,Cameron Crowe,United States,15,50000000.0,273600000.0,5,1,https://m.media-amazon.com/images/M/MV5BNmFkOTMxNTgtMTAxNy00M2ZiLTliMzItMTU1NzM1NmQwZGZhXkEyXkFqcGdeQXVyODIyOTEyMzY@._V1_.jpg
Eraser,389,1996-06-21,114,Action,Chuck Russell,United States,15,100000000.0,242300000.0,1,0,https://upload.wikimedia.org/wikipedia/en/2/2c/Eraser_(movie_poster).jpg
Toy Story,390,1995-11-22,81,Animation,John Lasseter,United States,PG,30000000.0,373600000.0,3,0,https://originalvintagemovieposters.com/wp-content/uploads/2020/02/TOY-STORY-8479-scaled.jpg
Pocahontas,391,1995-06-23,82,Animation,Mike Gabriel,United States,U,55000000.0,346100000.0,2,2,http://www.impawards.com/1995/posters/pocahontas_ver2_xxlg.jpg
Batman Forever,392,1995-06-16,122,Action,Joel Schumacher,United States,12,100000000.0,336500000.0,3,0,https://i.etsystatic.com/24896929/r/il/a3c327/3070528583/il_1588xN.3070528583_n309.jpg
Casper,393,1995-05-26,101,Comedy,Brad Silberling,United States,PG,55000000.0,287900000.0,0,0,http://static.rogerebert.com/uploads/movie/movie_poster/casper-1995/large_1pykWukKgh0st8McAkSrtcmIFvj.jpg
Jumanji,394,1995-12-15,104,Adventure,Joe Johnston,United States,PG,65000000.0,262800000.0,0,0,https://image.tmdb.org/t/p/original/inong8C18HmwnKqhzAyPBlOYeLU.jpg
The Lion King,395,1994-06-15,88,Animation,Rob Minkoff,United States,U,45000000.0,968500000.0,4,2,http://images6.fanpop.com/image/photos/34800000/The-Lion-King-Movie-Poster-the-lion-king-34827807-3365-5000.jpg
The Mask,396,1994-07-29,101,Comedy,Chuck Russell,United States,PG,23000000.0,351600000.0,1,0,https://c8.alamy.com/comp/BKGNK9/the-mask-1994-poster-BKGNK9.jpg
Speed,397,1994-06-10,115,Action,Jan de Bont,United States,15,30000000.0,350400000.0,3,2,https://image.tmdb.org/t/p/original/Apu3Ecg11bIEEiKLnbhagGtWNg7.jpg
The Flintstones,398,1994-05-27,91,Comedy,Brian Levant,United States,U,46000000.0,341600000.0,0,0,http://www.impawards.com/1994/posters/flintstones_ver1_xxlg.jpg
Dumb and Dumber,399,1994-12-16,107,Comedy,Peter Farrelly,United States,12,17000000.0,247000000.0,0,0,https://m.media-amazon.com/images/I/91mH6ZIsIWL.jpg
Donnie Brasco,400,1997-02-28,126,Crime,Mike Newell,United States,18,35000000.0,124900000.0,1,0,https://www.prints4u.net/wp-content/uploads/2021/02/Donnie-Brasco-001.jpg
Interview with the Vampire: The Vampire Chronicles,401,1994-11-11,122,Horror,Neil Jordan,United States,18,60000000.0,223700000.0,2,0,http://www.filmneworleans.org/site/wp-content/uploads/interview-with-the-vampire-poster.jpg
Mrs. Doubtfire,403,1993-11-24,125,Comedy,Chris Columbus,United States,12,25000000.0,441300000.0,1,1,https://www.prints4u.net/wp-content/uploads/2021/02/Mrs-Doubtfire-001.jpg
The Firm,404,1993-06-30,154,Thriller,Sydney Pollack,United States,15,42000000.0,270248367.0,2,0,https://cdn11.bigcommerce.com/s-yzgoj/images/stencil/1280x1280/products/2886909/5905988/MOVIJ3434__28643.1679561366.jpg?c=2
Indecent Proposal,405,1993-04-07,118,Drama,Adrian Lyne,United States,15,38000000.0,266600000.0,0,0,https://www.themoviedb.org/t/p/original/8iGFzCYBAtXsKS9kDNSaCSMzrE6.jpg
Sleepless in Seattle,406,1993-06-25,105,Romance,Nora Ephron,United States,PG,21000000.0,227800000.0,2,0,https://cdn.shopify.com/s/files/1/1416/8662/products/Sleepless_in_Seattle_1993_original_film_art_5000x.jpg?v=1569253409
Philadelphia,407,1993-12-22,126,Drama,Jonathan Demme,United States,12,26000000.0,206700000.0,5,2,https://cdn.shopify.com/s/files/1/1057/4964/products/philadelphia-vintage-movie-poster-original-1-sheet-27x41_1800x.progressive.jpg?v=1624683932
The Pelican Brief,408,1993-12-17,141,Thriller,Alan J. Pakula,United States,12,45000000.0,195300000.0,0,0,https://www.themoviedb.org/t/p/original/x7KBEk5xybB5PPlS0NSEA5g1NO7.jpg
Aladdin,409,1992-11-25,90,Animation,Ron Clements,United States,U,28000000.0,504100000.0,5,2,https://www.themoviedb.org/t/p/original/eLFfl7vS8dkeG1hKp5mwbm37V83.jpg
The Bodyguard,410,1992-11-25,129,Thriller,Mick Jackson,United States,15,25000000.0,411000000.0,2,0,https://cdn.shopify.com/s/files/1/1057/4964/products/the-bodyguard-vintage-movie-poster-original-1-sheet-27x41_2000x.progressive.jpg?v=1613106212
Home Alone 2: Lost in New York,411,1992-11-20,120,Family,Chris Columbus,United States,PG,20000000.0,359000000.0,0,0,https://image.tmdb.org/t/p/original/6pPbGVPiyhLHqBSFKHRDcGOfPwT.jpg
Basic Instinct,412,1992-05-08,128,Thriller,Paul Verhoeven,United States,18,49000000.0,352900000.0,2,0,http://www.impawards.com/1992/posters/basic_instinct_ver5.jpg
Batman Returns,413,1992-06-19,126,Action,Tim Burton,United States,PG,80000000.0,266800000.0,2,0,https://picfiles.alphacoders.com/348/thumb-1920-348982.jpg
A Few Good Men,414,1992-12-11,138,Drama,Rob Reiner,United States,15,40000000.0,243200000.0,4,0,http://www.impawards.com/1992/posters/few_good_men_ver1_xxlg.jpg
Sister Act,415,1992-05-29,100,Comedy,Emile Ardolino,United States,PG,31000000.0,231600000.0,0,0,http://www.impawards.com/1992/posters/sister_act_xlg.jpg
Bram Stoker's Dracula,416,1992-11-13,128,Horror,Francis Ford Coppola,United States,18,40000000.0,215900000.0,4,3,https://cdn.shopify.com/s/files/1/1416/8662/products/bram_stokers_dracula_1992_advance_original_film_art_f_2000x.jpg?v=1580272568
Wayne's World,417,1992-02-14,95,Comedy,Penelope Spheeris,United States,PG,20000000.0,183100000.0,0,0,https://www.themoviedb.org/t/p/original/rsgklbt5KxeuUuchehnLACxzisP.jpg
Beauty and the Beast,418,1991-11-22,84,Animation,Gary Trousdale,United States,U,25000000.0,425000000.0,6,2,https://www.themoviedb.org/t/p/original/bHbCV3UqrLhKPIqQ34phXAFzxcg.jpg
Hook,419,1991-12-11,144,Adventure,Steven Spielberg,United States,U,70000000.0,300900000.0,5,0,https://image.tmdb.org/t/p/original/iYNmi9qd6extUCIUzPoPmd1wakE.jpg
The Silence of the Lambs,420,1991-02-14,118,Thriller,Jonathan Demme,United States,18,19000000.0,272700000.0,7,5,http://www.impawards.com/1991/posters/silence_of_the_lambs_ver1_xxlg.jpg
JFK,421,1991-12-20,188,Thriller,Oliver Stone,United States,15,40000000.0,205400000.0,8,2,http://www.impawards.com/1991/posters/jfk_xlg.jpg
The Addams Family,422,1991-11-22,99,Comedy,Barry Sonnenfeld,United States,PG,30000000.0,191500000.0,1,0,https://www.themoviedb.org/t/p/original/qFf8anju5f2epI0my8RdwwIXFIP.jpg
Cape Fear,423,1991-11-13,128,Thriller,Martin Scorsese,United States,18,35000000.0,182300000.0,2,0,https://www.mauvais-genres.com/24972-thickbox_default/cape-fear-original-movie-poster-15x21-in-1995-martin-scorsese-robert-de-niro.jpg
Hot Shots!,424,1991-07-31,84,Comedy,Jim Abrahams,United States,12,26000000.0,181100000.0,0,0,https://flxt.tmsimg.com/assets/p10151_p_v10_aa.jpg
City Slickers,425,1991-06-07,112,Comedy,Ron Underwood,United States,12,26000000.0,179033791.0,1,1,https://alchetron.com/cdn/City-Slickers-images-5c0e58f1-7609-471c-9b04-e33b49799f8.jpg
Ghost,426,1990-07-13,127,Romance,Jerry Zucker,United States,12,22000000.0,505700000.0,5,2,https://i.pinimg.com/originals/2c/aa/75/2caa7502e111150e304caa0c5f901947.jpg
Home Alone,427,1990-11-16,102,Comedy,Chris Columbus,United States,PG,18000000.0,476700000.0,2,0,https://www.lulu-berlu.com/upload/image/home-alone---movie-poster-40x60cm---20th-century-fox-1990-p-image-461141-grande.jpg
Pretty Woman,428,1990-03-23,119,Romance,Garry Marshall,United States,15,14000000.0,463400000.0,1,0,https://cdn.shopify.com/s/files/1/0268/4118/6384/products/PrettyWoman1990bq275u_1200x1200.jpg?v=1621387539
Teenage Mutant Ninja Turtles,430,1990-03-30,93,Action,Steve Barron,United States,PG,13500000.0,201900000.0,0,0,https://www.themoviedb.org/t/p/original/shfAU6xIIEAEtsloIT3n9Fscz2E.jpg
Batman,431,1989-06-23,126,Action,Tim Burton,United States,12,35000000.0,411300000.0,1,1,https://images-wixmp-ed30a86b8c4ca887773594c2.wixmp.com/f/9b53baf7-0584-444f-babc-74c2bc29851b/dadh698-5969fcdf-0474-4885-9432-a36250d7ef1f.jpg?token=eyJ0eXAiOiJKV1QiLCJhbGciOiJIUzI1NiJ9.eyJzdWIiOiJ1cm46YXBwOjdlMGQxODg5ODIyNjQzNzNhNWYwZDQxNWVhMGQyNmUwIiwiaXNzIjoidXJuOmFwcDo3ZTBkMTg4OTgyMjY0MzczYTVmMGQ0MTVlYTBkMjZlMCIsIm9iaiI6W1t7InBhdGgiOiJcL2ZcLzliNTNiYWY3LTA1ODQtNDQ0Zi1iYWJjLTc0YzJiYzI5ODUxYlwvZGFkaDY5OC01OTY5ZmNkZi0wNDc0LTQ4ODUtOTQzMi1hMzYyNTBkN2VmMWYuanBnIn1dXSwiYXVkIjpbInVybjpzZXJ2aWNlOmZpbGUuZG93bmxvYWQiXX0._G38brdefvm9_FyYZU07wd1zlEelQv9uR-qHOz4SdwI
Look Who's Talking,432,1989-10-13,96,Comedy,Amy Heckerling,United States,12,7500000.0,297000000.0,0,0,https://www.themoviedb.org/t/p/original/zFWpnzzmo9dFsfI6CTsmUKZtuu3.jpg
Dead Poets Society,433,1989-06-02,128,Drama,Peter Weir,United States,PG,16400000.0,235800000.0,4,1,http://www.impawards.com/1989/posters/dead_poets_society_xxlg.jpg
"Honey, I Shrunk the Kids",434,1989-06-23,94,Adventure,Joe Johnston,United States,U,18000000.0,222700000.0,0,0,https://www.themoviedb.org/t/p/original/o8IHlamxBSYxadXwWZGIcSFCXV4.jpg
Ghostbusters II,435,1989-06-16,108,Comedy,Ivan Reitman,United States,PG,37000000.0,215400000.0,0,0,https://image.tmdb.org/t/p/original/jvJNXuD4ZN4GAdbsxG93tjTcUdS.jpg
The Little Mermaid,436,1989-11-17,82,Animation,Ron Clements,United States,U,40000000.0,211300000.0,3,2,http://images4.fanpop.com/image/photos/18600000/The-Little-Mermaid-Movie-Poster-the-little-mermaid-18617517-1172-1790.jpg
Born on the Fourth of July,437,1989-12-20,145,Biography,Oliver Stone,United States,18,14000000.0,161000000.0,8,2,http://www.impawards.com/1989/posters/born_on_the_fourth_of_july_xlg.jpg
Rain Man,438,1988-12-16,133,Drama,Barry Levinson,United States,15,25000000.0,354800000.0,8,4,https://www.themoviedb.org/t/p/original/pRzQAdS7gyfSwBPIMwCjW3FAbFQ.jpg
Coming to America,439,1988-06-29,117,Comedy,John Landis,United States,15,39000000.0,288752301.0,2,0,https://image.tmdb.org/t/p/original/djRAvxyvvN2yqlJKDbT3uy4vOBw.jpg
Big,440,1988-12-03,104,Comedy,Penny Marshall,United States,12,18000000.0,151700000.0,2,0,https://www.themoviedb.org/t/p/original/j3W4Qrq22IhQ98DpxH6WeyqHjM0.jpg
Crocodile Dundee II,441,1988-05-25,112,Adventure,John Cornell,Australia,PG,14000000.0,239600000.0,0,0,https://i.pinimg.com/originals/33/1c/b1/331cb125ba79eea7c38c5da1ca7cc0ba.jpg
The Naked Gun: From the Files of Police Squad!,442,1988-12-02,85,Comedy,David Zucker,United States,15,12000000.0,78800000.0,0,0,https://i.etsystatic.com/27725040/r/il/93108e/2879461584/il_1140xN.2879461584_65sa.jpg
Cocktail,443,1988-07-29,103,Romance,Roger Donaldson,United States,15,20000000.0,171500000.0,0,0,https://i.pinimg.com/736x/ec/58/05/ec5805bf547cbfb98e2270e4a9a0fd17--tom-cruise-movie-posters.jpg
Beetlejuice,444,1988-03-30,92,Comedy,Tim Burton,United States,15,15000000.0,73700000.0,1,1,https://originalvintagemovieposters.com/wp-content/uploads/2020/06/BEETLEJUICE-9012-scaled-1057x1536.jpg
Three Men and a Baby,445,1987-11-25,104,Comedy,Leonard Nimoy,United States,PG,16000000.0,168800000.0,0,0,http://www.impawards.com/1987/posters/three_men_and_a_baby_xxlg.jpg
Fatal Attraction,446,1987-09-18,119,Thriller,Adrian Lyne,United States,18,14000000.0,320100000.0,6,0,https://cdn.shopify.com/s/files/1/1416/8662/products/Fatal_Attraction__1987_half_Subway_original_film_art_5000x.jpg?v=1569242341
Beverly Hills Cop II,447,1987-05-20,103,Action,Tony Scott,United States,15,20000000.0,300000000.0,1,0,https://i.etsystatic.com/23402008/r/il/49337b/2540944801/il_fullxfull.2540944801_tszy.jpg
"Good Morning, Vietnam",448,1987-12-23,120,Comedy,Barry Levinson,United States,15,13000000.0,123900000.0,1,0,http://www.impawards.com/1987/posters/good_morning_vietnam_ver2.jpg
Moonstruck,449,1987-12-18,102,Romance,Norman Jewison,United States,PG,15000000.0,91640528.0,6,3,http://imagehost.vendio.com/bin/imageserver.x/00000000/comicod/moonstruckFLDsm.jpg
The Secret of My Success,450,1987-04-10,111,Comedy,Herbert Ross,United States,PG,18000000.0,110996879.0,0,0,https://www.themoviedb.org/t/p/original/3LHsUn8bQouvDzTvgeios89KVqp.jpg
Stakeout,451,1987-08-05,117,Comedy,John Badham,United States,15,14500000.0,65673233.0,0,0,http://www.pastposters.com/cw3/assets/product_expanded/(JamieF-BX)__Stakeout(onesheet)1.jpg
The Witches of Eastwick,452,1987-06-12,118,Comedy,George Miller,United States,18,22000000.0,63800000.0,2,0,https://image.tmdb.org/t/p/original/zJGsoVAQvnyI8gBPZvNpngLjVQ9.jpg
Top Gun,453,1986-05-16,110,Action,Tony Scott,United States,15,15000000.0,356800000.0,4,1,https://www.themoviedb.org/t/p/original/56XAyRDe8UpeAb7QKdqyERpXhTM.jpg
Crocodile Dundee,454,1986-09-26,98,Comedy,Peter Faiman,Australia,15,8800000.0,328000000.0,1,0,http://www.impawards.com/1986/posters/crocodile_dundee_xxlg.jpg
Platoon,455,1986-12-19,120,War,Oliver Stone,United States,15,6000000.0,138500000.0,8,4,https://originalvintagemovieposters.com/wp-content/uploads/2014/01/Platoon-G.jpg
"The Karate Kid, Part II",456,1986-06-20,113,Drama,John G. Avildsen,United States,PG,13000000.0,115100000.0,1,0,https://image.tmdb.org/t/p/original/7Lut6dOvB8wPRuHhHpJ3S3zXder.jpg
The Golden Child,458,1986-12-12,94,Adventure,Michael Ritchie,United States,PG,25000000.0,79800000.0,0,0,https://www.themoviedb.org/t/p/original/nVJIyS2gh0hBvVEr8s9SrpSBTxL.jpg
Ferris Bueller's Day Off,460,1986-06-11,103,Comedy,John Hughes,United States,15,5800000.0,70100000.0,0,0,https://i.etsystatic.com/16505899/r/il/18460d/1407762537/il_1140xN.1407762537_r2k4.jpg
Rambo: First Blood Part II,461,1985-05-22,96,Action,George P. Cosmatos,United States,15,25500000.0,300400000.0,1,0,http://www.impawards.com/1985/posters/rambo_first_blood_part_ii_xxlg.jpg
Rocky IV,462,1985-11-27,91,Sport,Sylvester Stallone,United States,PG,28000000.0,300400000.0,0,0,https://picfiles.alphacoders.com/147/thumb-1920-147297.jpg
The Color Purple,463,1985-12-18,153,Drama,Steven Spielberg,United States,15,15000000.0,142000000.0,11,0,https://www.themoviedb.org/t/p/original/mnOE29skcyCRKl1Pxf8y6QxFfHK.jpg
Out Of Africa,464,1985-12-18,161,Romance,Sydney Pollack,United States,PG,28000000.0,128500000.0,11,7,https://cdn.shopify.com/s/files/1/1416/8662/products/out_of_africa_1985_original_film_art_bbdeb630-cef4-4ffd-b322-017406edff47_600x.jpg?v=1590609439
Cocoon,465,1985-06-21,117,Science Fiction,Ron Howard,United States,PG,17500000.0,85300000.0,2,2,https://image.tmdb.org/t/p/original/L7D0fvuWb6R3n89pAqIXU0nefv.jpg
The Jewel of the Nile,466,1985-12-11,107,Adventure,Lewis Teague,United States,PG,25000000.0,96700000.0,0,0,https://image.tmdb.org/t/p/original/zr38niCwY6kXdpSVNp63qAiriEj.jpg
The Goonies,468,1985-06-07,114,Adventure,Richard Donner,United States,PG,19000000.0,61500000.0,0,0,https://originalvintagemovieposters.com/wp-content/uploads/2015/05/Goonies-4081LB-scaled.jpg
Spies Like Us,469,1985-12-06,102,Comedy,John Landis,United States,PG,22000000.0,60000000.0,0,0,http://www.impawards.com/1985/posters/spies_like_us_xxlg.jpg
Beverly Hills Cop,470,1984-12-05,105,Action,Martin Brest,United States,15,15000000.0,316400000.0,1,0,https://www.vintagemovieposters.co.uk/wp-content/uploads/2015/01/IMG_8050-scaled.jpeg
Gremlins,472,1984-06-08,106,Comedy,Joe Dante,United States,15,11000000.0,153100000.0,0,0,https://i.etsystatic.com/26881902/r/il/9d2a26/2793842218/il_fullxfull.2793842218_lqdx.jpg
The Karate Kid,473,1984-06-22,127,Drama,John G. Avildsen,United States,PG,8000000.0,90800000.0,1,0,https://www.prints4u.net/wp-content/uploads/2021/02/The-Karate-Kid.jpg
Police Academy,474,1984-03-23,96,Comedy,Hugh Wilson,United States,15,4500000.0,146000000.0,0,0,https://image.tmdb.org/t/p/original/cEZS8AS9WN0idIHReMqqsn1xy3G.jpg
Footloose,475,1984-02-17,110,Drama,Herbert Ross,United States,15,8200000.0,80000000.0,2,0,https://www.themoviedb.org/t/p/original/w3RAC5tavbKKjzhLhFNbgprHpAV.jpg
Romancing the Stone,476,1984-03-30,106,Adventure,Robert Zemeckis,United States,12,10000000.0,86500000.0,1,0,https://cdn.shopify.com/s/files/1/1416/8662/products/romancing_the_stone_1984_half_original_film_art_2000x.jpg?v=1623259539
Terms of Endearment,477,1983-12-09,132,Drama,James L. Brooks,United States,15,8000000.0,108400000.0,11,5,https://cdn.shopify.com/s/files/1/1416/8662/products/terms_of_endearment_1983_original_film_art_2000x.jpg?v=1551807980
Flashdance,478,1983-04-15,98,Drama,Adrian Lyne,United States,15,7000000.0,201500000.0,4,1,https://cdn.shopify.com/s/files/1/1416/8662/products/flashdance_1983_original_film_art_94b0a207-c3ef-45c8-ab12-ed108a7e9b7d_2000x.jpg?v=1637796072
Trading Places,479,1983-06-10,116,Comedy,John Landis,United States,15,15000000.0,90400000.0,1,0,https://www.vintagemovieposters.co.uk/wp-content/uploads/2018/08/IMG_6811.jpg
WarGames,480,1983-06-03,114,Thriller,John Badham,United States,PG,12000000.0,79600000.0,3,0,https://image.tmdb.org/t/p/original/xOIoG7osy0TkJejKUaxPnFVMvUW.jpg
Sudden Impact,481,1983-12-09,117,Thriller,Clint Eastwood,United States,18,22000000.0,67642693.0,0,0,https://c8.alamy.com/comp/2JDPB4C/clint-eastwood-poster-sudden-impact-1983-2JDPB4C.jpg
Staying Alive,482,1983-07-15,93,Drama,Sylvester Stallone,United States,PG,22000000.0,64800000.0,0,0,https://www.mauvais-genres.com/24186-thickbox_default/staying-alive-original-movie-poster-23x63-in-1983-sylvester-stallone-john-travolta.jpg
Tootsie,485,1982-12-17,116,Comedy,Sydney Pollack,United States,15,21000000.0,177200000.0,10,1,https://cdn.shopify.com/s/files/1/1057/4964/products/tootsie-vintage-movie-poster-original-1-sheet-27x41_1600x.progressive.jpg?v=1615669279
An Officer and a Gentleman,486,1982-08-13,122,Drama,Taylor Hackford,United States,15,6000000.0,129800000.0,6,2,https://i.pinimg.com/originals/39/e3/ab/39e3abc365140372690c0321a693ea61.jpg
Rocky III,487,1982-05-28,100,Sport,Sylvester Stallone,United States,PG,17000000.0,270000000.0,1,0,https://www.themoviedb.org/t/p/original/suyfUSqshiMYH08rp6KeGpIBZgK.jpg
Porky's,488,1982-04-16,98,Comedy,Bob Clark,Canada,18,25000000.0,105000000.0,0,0,http://www.moviepostersetc.com/_staticProxy/content/ff808081163c05b001169d6655243ae9/Porkys_movie_poster_original.jpg
48 Hrs.,489,1982-12-08,96,Action,Walter Hill,United States,18,12000000.0,78900000.0,0,0,https://cdn.shopify.com/s/files/1/1416/8662/products/48_hrs_1982_original_film_art_2000x.jpg?v=1521573702
Poltergeist,490,1982-06-04,114,Horror,Tobe Hooper,United States,15,10700000.0,121700000.0,3,0,https://i2.wp.com/www.rowsdowr.com/wp-content/uploads/2012/10/156432_10151196736899280_838169962_n.jpg
Annie,492,1982-06-18,128,Musical,John Huston,United States,U,50000000.0,57000000.0,2,0,http://www.blackfilm.com/read/wp-content/uploads/2014/09/Annie-poster-3.jpg
Superman II,494,1981-04-09,127,Action,Richard Lester,United Kingdom,PG,54000000.0,190400000.0,0,0,https://cdn.shopify.com/s/files/1/1416/8662/products/superman_2_uk_original_film_art_spo_2000x.jpg?v=1521741095
Arthur,495,1981-07-17,97,Comedy,Steve Gordon,United States,15,7000000.0,95461682.0,4,2,https://collider.com/wp-content/uploads/arthur-movie-poster-01.jpg
The Cannonball Run,497,1981-06-19,95,Comedy,Hal Needham,United States,PG,18000000.0,72179579.0,0,0,https://cdn.shopify.com/s/files/1/1057/4964/products/the-cannonball-run-vintage-movie-poster-original-30x40_2000x.progressive.jpg?v=1568927118
Chariots of Fire,498,1981-03-30,124,Sport,Hugh Hudson,United Kingdom,U,5500000.0,59000000.0,7,4,https://cdn.shopify.com/s/files/1/0037/8008/3782/products/IMG_5323_2f130367-e9be-4a47-8b11-523e326a0940-460792_720x@2x.jpg?v=1625880578
Time Bandits,500,1981-07-10,113,Fantasy,Terry Gilliam,United Kingdom,PG,5000000.0,42365581.0,0,0,https://image.tmdb.org/t/p/original/eKBCmNmbXU1ONpbZwZBlaz5yUz5.jpg
9 to 5,501,1980-12-19,110,Comedy,Colin Higgins,United States,U,10000000.0,103290500.0,1,0,https://i.ebayimg.com/images/g/1-YAAOSw9Zlcytcb/s-l1600.jpg
Stir Crazy,502,1980-12-12,111,Comedy,Sidney Poitier,United States,15,10000000.0,101300000.0,0,0,http://images.moviepostershop.com/stir-crazy-movie-poster-1980-1020244290.jpg
Airplane!,503,1980-07-02,87,Comedy,Jim Abrahams,United States,15,3500000.0,130000000.0,0,0,http://cdn.shopify.com/s/files/1/1057/4964/products/airplane-vintage-movie-poster-original-half-sheet-22x28.jpg?v=1567740044
Any Which Way You Can,504,1980-12-17,116,Action,Buddy Van Horn,United States,PG,15000000.0,70700000.0,0,0,http://www.impawards.com/1980/posters/any_which_way_you_can_ver2.jpg
Private Benjamin,505,1980-10-10,109,Comedy,Howard Zieff,United States,15,15000000.0,69847348.0,3,0,https://cdn.shopify.com/s/files/1/1416/8662/products/private_benjamin_1980_original_film_art_5000x.jpg?v=1584821560
Smokey and the Bandit II,507,1980-08-15,100,Comedy,Hal Needham,United States,PG,17000000.0,66100000.0,0,0,https://cdn.shopify.com/s/files/1/1416/8662/products/smokey_and_the_bandit_2_o1980_original_film_art_600x.jpg?v=1551894668
The Blues Brothers,509,1980-06-20,132,Comedy,John Landis,United States,15,30000000.0,115200000.0,0,0,https://www.oscars.org/sites/oscars/files/bluesbrothersposter.jpg
Kramer vs. Kramer,510,1979-12-19,105,Drama,Robert Benton,United States,PG,8000000.0,106260000.0,9,5,https://i.etsystatic.com/23647903/r/il/6fde66/2440462829/il_1140xN.2440462829_mark.jpg
The Amityville Horror,511,1979-07-27,118,Horror,Stuart Rosenberg,United States,15,4700000.0,86400000.0,1,0,https://www.themoviedb.org/t/p/original/4D246dpe7yy2GvHI2IbpeqkUXry.jpg
Rocky II,512,1979-06-15,119,Drama,Sylvester Stallone,United States,PG,7000000.0,200100000.0,0,0,https://www.themoviedb.org/t/p/original/tYl0cT759sRfL4nWm3KBfDxgzPD.jpg
Apocalypse Now,513,1979-08-15,153,War,Francis Ford Coppola,United States,18,31500000.0,150000000.0,8,2,https://i.pinimg.com/originals/7e/c9/46/7ec946791d078dc9ed5f2a48ae9daeb0.jpg
10,514,1979-10-05,122,Romantic Comedy,Blake Edwards,United States,18,7000000.0,74800000.0,2,0,https://image.tmdb.org/t/p/original/jESuNdhILDzj3iwHEWUIwkn4EKn.jpg
The Jerk,515,1979-12-14,94,Comedy,Carl Reiner,United States,15,4000000.0,73700000.0,0,0,https://c8.alamy.com/comp/CREPX0/the-jerk-poster-for-1979-universal-film-with-steve-martin-CREPX0.jpg
The Muppet Movie,516,1979-05-31,97,Family,James Frawley,United States,U,8000000.0,76600000.0,2,0,https://image.tmdb.org/t/p/original/onuqRWoSLJGZ06nI7VcMuOZpIdR.jpg
Grease,517,1978-06-16,110,Musical,Randal Kleiser,United States,PG,6000000.0,395000000.0,1,0,https://www.originalfilmart.com/cdn/shop/files/grease_1978_linen_original_film_art_2000x.webp?v=1688424200
National Lampoon's Animal House,518,1978-07-28,109,Comedy,John Landis,United States,15,3000000.0,141600000.0,0,0,https://images6.fanpop.com/image/photos/43200000/National-Lampoon-s-Animal-House-1978-Poster-stoner-movies-43219442-1200-1800.jpg
Every Which Way but Loose,519,1978-12-20,114,Action,James Fargo,United States,15,5000000.0,85000000.0,0,0,https://www.themoviedb.org/t/p/original/upiSoFiuFpIrR4ua0P22vXbLmB8.jpg
Jaws 2,522,1978-06-16,116,Thriller,Jeannot Szwarc,United States,PG,20000000.0,208900000.0,0,0,https://originalvintagemovieposters.com/wp-content/uploads/2012/06/Jaws-2-80RR.jpg
Dawn of the Dead,523,1978-09-01,127,Horror,George A. Romero,United States,18,1500000.0,55000000.0,0,0,"http://i1.wp.com/www.wearemoviegeeks.com/wp-content/uploads/dawn-of-the-dead-movie-poster-2004.jpg?fit=580,841"
Revenge of the Pink Panther,524,1978-07-19,98,Comedy,Blake Edwards,United Kingdom,PG,12000000.0,49500000.0,0,0,https://www.themoviedb.org/t/p/original/2C48APe8X62OOW0PpJQEo0vxURF.jpg
The Deer Hunter,525,1978-12-08,183,Drama,Michael Cimino,United States,18,15000000.0,49000000.0,9,5,https://cdn.shopify.com/s/files/1/1057/4964/products/the-deer-hunter-vintage-movie-poster-original-1-sheet-27x41-3203_1600x.progressive.jpg?v=1619845499
Smokey and the Bandit,526,1977-05-27,96,Comedy,Hal Needham,United States,PG,4300000.0,300000000.0,1,0,https://www.themoviedb.org/t/p/original/qnhQw4MqkCLBzFotwDz4XB3LT4J.jpg
Close Encounters of the Third Kind,527,1977-11-16,135,Science Fiction,Steven Spielberg,United States,PG,20000000.0,303800000.0,8,1,https://originalvintagemovieposters.com/wp-content/uploads/2020/03/Close-Encounters-of-the-Third-Kind-7636LB-scaled.jpg
Saturday Night Fever,529,1977-12-14,118,Drama,John Badham,United States,18,3500000.0,237100000.0,1,0,https://c8.alamy.com/comp/E5M78H/saturday-night-fever-us-poster-art-from-left-karen-lynn-gorney-john-E5M78H.jpg
A Bridge Too Far,531,1977-06-15,176,War,Richard Attenborough,United Kingdom,15,25000000.0,50750000.0,0,0,https://www.theheritageportal.co.za/sites/default/files/A+Bridge+Too+Far+Movie+Poster.jpg
The Deep,532,1977-06-17,124,Adventure,Peter Yates,United States,15,9000000.0,47300000.0,1,0,http://www.impawards.com/1977/posters/deep_ver3.jpg
Annie Hall,533,1977-04-20,93,Romantic Comedy,Woody Allen,United States,15,4000000.0,38300000.0,5,4,https://cdn.shopify.com/s/files/1/1416/8662/products/annie_hall_1977_intl_linen_original_film_art_2000x.jpg?v=1562541289
Rocky,534,1976-11-21,119,Drama,John G. Avildsen,United States,PG,1100000.0,225000000.0,10,3,https://www.cinemaclock.com/images/posters/1000x1500/21/rocky-1976-us-poster.jpg
All the President's Men,537,1976-04-09,138,Thriller,Alan J. Pakula,United States,15,8500000.0,70600000.0,8,4,https://www.themoviedb.org/t/p/original/cPtSHR7D2WGsDBfnC5DxV927hKn.jpg
The Omen,538,1976-06-06,111,Horror,Richard Donner,United States,18,2800000.0,60900000.0,2,1,https://cdn.shopify.com/s/files/1/1057/4964/products/the-omen-vintage-movie-poster-original-1-sheet-27x41-999.jpg?v=1619672564
Silver Streak,540,1976-12-08,114,Comedy,Arthur Hiller,United States,PG,6500000.0,51100000.0,1,0,http://www.dvdsreleasedates.com/posters/800/S/Silver-Streak-1976-movie-poster.jpg
The Enforcer,541,1976-12-22,96,Action,James Fargo,United States,18,9000000.0,46236000.0,0,0,https://www.themoviedb.org/t/p/original/l0W85fpnsfnpLSSF3D6bKKlH1dD.jpg
Midway,542,1976-06-18,131,War,Jack Smight,United States,PG,3000000.0,43200000.0,0,0,https://image.tmdb.org/t/p/original/3Ipjy1UtaTnY2SO6T8TVlQWeD0a.jpg
Jaws,543,1975-06-20,124,Thriller,Steven Spielberg,United States,PG,9000000.0,470700000.0,4,3,https://www.vintagemovieposters.co.uk/wp-content/uploads/2022/09/IMG_8081-scaled.jpeg
The Rocky Horror Picture Show,544,1975-08-14,100,Musical,Jim Sharman,United Kingdom,15,1400000.0,140200000.0,0,0,https://www.themoviedb.org/t/p/original/tCcT0pdfkmWdmjc8tMTmjNy7y3n.jpg
One Flew Over the Cuckoo's Nest,545,1975-11-19,133,Drama,Milos Forman,United States,18,3000000.0,109000000.0,9,5,https://www.themoviedb.org/t/p/original/tiZGoxu13SlxKHxp2ZnmnKtVOWo.jpg
Dog Day Afternoon,546,1975-09-21,125,Crime,Sidney Lumet,United States,15,1800000.0,50000000.0,6,1,https://www.themoviedb.org/t/p/original/hOSQvZOscbCdVQ6CraGXWGx2BTA.jpg
Shampoo,547,1975-02-11,110,Drama,Hal Ashby,United States,18,4000000.0,60000000.0,4,1,http://images.moviepostershop.com/shampoo-movie-poster-1975-1020170593.jpg
The Return of the Pink Panther,548,1975-05-21,114,Comedy,Blake Edwards,United Kingdom,U,5000000.0,41800000.0,0,0,https://www.themoviedb.org/t/p/original/77QoKZmPZTkMDliOh6QdAs3aLRp.jpg
Blazing Saddles,553,1974-02-07,92,Comedy,Mel Brooks,United States,15,2600000.0,119600000.0,3,0,https://filmartgallery.com/cdn/shop/products/Blazing-Saddles-Vintage-Movie-Poster-Original-1-Sheet-27x41-440_1600x.progressive.jpg?v=1675544413
The Towering Inferno,554,1974-12-14,165,Disaster,John Guillermin,United States,15,14300000.0,139700000.0,8,3,https://cdn.shopify.com/s/files/1/1057/4964/products/the-towering-inferno-vintage-movie-poster-original-window-card-14x22_1400x.progressive.jpg?v=1663223336
Young Frankenstein,556,1974-12-15,105,Comedy,Mel Brooks,United States,15,2780000.0,86200000.0,2,0,https://image.tmdb.org/t/p/original/a3Bj2ht6liBFafNM46hqk9WEhcY.jpg
Earthquake,557,1974-11-15,121,Disaster,Mark Robson,United States,PG,7000000.0,79666653.0,4,1,https://image.tmdb.org/t/p/original/oQU4ibX2ROGZcl5dUzC08fDCnuW.jpg
The Godfather Part II,558,1974-12-12,202,Crime,Francis Ford Coppola,United States,18,13000000.0,57300000.0,11,6,https://i.pinimg.com/originals/4e/3f/41/4e3f41bab342202c89c677305ef4071c.jpg
Airport 1975,559,1974-10-18,106,Disaster,Jack Smight,United States,PG,3000000.0,47285152.0,0,0,http://images.moviepostershop.com/airport-1975-movie-poster-1974-1020464779.jpg
The Longest Yard,561,1974-08-21,121,Comedy,Robert Aldrich,United States,15,2900000.0,43008075.0,1,0,http://www.impawards.com/2005/posters/longest_yard_xxlg.jpg
The Sting,563,1973-12-26,129,Crime,George Roy Hill,United States,PG,5500000.0,159600000.0,10,7,https://cdn.shopify.com/s/files/1/1057/4964/products/The-Sting-Vintage-Movie-Poster-Original-1-Sheet-27x41-1501.jpg?v=1663219043
The Exorcist,564,1973-12-26,121,Horror,William Friedkin,United States,18,12000000.0,441300000.0,10,2,https://pictures.abebooks.com/inventory/30256152991.jpg
American Graffiti,565,1973-08-02,112,Drama,George Lucas,United States,PG,777000.0,140000000.0,5,0,http://www.impawards.com/1973/posters/american_graffiti_ver1_xlg.jpg
Papillon,566,1973-12-16,150,Crime,Franklin J. Schaffner,United States,15,13500000.0,53267000.0,1,0,https://image.tmdb.org/t/p/original/zAhpUf7o4oYMwzVpTiMoup7DVVF.jpg
Magnum Force,568,1973-12-25,124,Action,Ted Post,United States,18,,44680473.0,0,0,https://originalvintagemovieposters.com/wp-content/uploads/2011/05/Magnum-Force-LB.jpg
Robin Hood,570,1973-11-08,83,Animation,Wolfgang Reitherman,United States,U,5000000.0,32000000.0,1,0,https://cdn.shopify.com/s/files/1/1416/8662/products/Robin_Hood_2010_original_film_art_2000x.jpg?v=1551798743
The Godfather,572,1972-03-24,177,Crime,Francis Ford Coppola,United States,18,7000000.0,245100000.0,11,3,https://www.bestmovieposters.co.uk/wp-content/uploads/2019/01/yahyf02i.jpeg
The Poseidon Adventure,573,1972-12-12,117,Disaster,Ronald Neame,United States,PG,4700000.0,127300000.0,8,1,https://cdn.shopify.com/s/files/1/1057/4964/products/the-poseidon-adventure-vintage-movie-poster-original-1-sheet-27x41-4103.jpg?v=1553144648
Deliverance,576,1972-07-30,110,Thriller,John Boorman,United States,18,2000000.0,4610000.0,3,0,https://dyn1.heritagestatic.com/lf?set=path[1/0/5/9/1/10591802]&call=url[file:product.chain]
Cabaret,578,1972-02-13,124,Musical,Bob Fosse,United States,15,2285000.0,42765000.0,10,8,https://www.vintagemovieposters.co.uk/wp-content/uploads/2018/04/IMG_2906-1.jpg
Fiddler on the Roof,582,1971-11-03,179,Musical,Norman Jewison,United States,U,9000000.0,83300000.0,8,3,http://www.impawards.com/1971/posters/fiddler_on_the_roof.jpg
The French Connection,583,1971-10-09,104,Crime,William Friedkin,United States,18,1800000.0,51700000.0,8,5,https://cdn.shopify.com/s/files/1/1057/4964/products/the-french-connection-vintage-movie-poster-original-40x60_1400x.progressive.jpg?v=1623272612
Dirty Harry,584,1971-12-23,102,Thriller,Don Siegel,United States,18,4000000.0,36000000.0,0,0,https://cdn.shopify.com/s/files/1/1416/8662/products/dirty_harry_1971_original_film_art_5000x.jpg?v=1569055213
A Clockwork Orange,588,1971-12-19,136,Drama,Stanley Kubrick,United Kingdom,18,2200000.0,26600000.0,4,0,https://cdn.shopify.com/s/files/1/1057/4964/products/a-clockwork-orange-vintage-movie-poster-original-3-sheet-41x81-7914.jpg?v=1535852328
Bedknobs and Broomsticks,589,1971-10-07,117,Adventure,Robert Stevenson,United Kingdom,U,20000000.0,18530000.0,5,1,https://image.tmdb.org/t/p/original/en19x1H7qSzF20siIsesSXgZam0.jpg
Love Story,590,1970-12-16,100,Romance,Arthur Hiller,United States,PG,2200000.0,136400000.0,7,1,http://cdn.shopify.com/s/files/1/1057/4964/products/Love-Story-Vintage-Movie-Poster-Original-1-Sheet-27x41.jpg?v=1629320420
Airport,591,1970-03-05,137,Disaster,George Seaton,United States,PG,10200000.0,100500000.0,10,1,http://static.rogerebert.com/uploads/movie/movie_poster/airport-1970/large_lKRsOCB1FlZYD7tYPHValBAqmwm.jpg
MASH,592,1970-01-25,116,Comedy,Robert Altman,United States,15,,,5,1,https://cdn.shopify.com/s/files/1/1416/8662/products/mash_1970_original_film_art_2000x.jpg?v=1551891949
Patton,593,1970-04-02,170,Biography,Franklin J. Schaffner,United States,PG,12600000.0,61800000.0,10,7,https://filmartgallery.com/cdn/shop/files/Patton-Vintage-Movie-Poster-Original-6-Sheet-81x81.jpg?v=1705720080&width=1200
Tora! Tora! Tora!,598,1970-09-23,144,War,Richard Fleischer,Japan,U,25500000.0,29500000.0,5,1,https://picfiles.alphacoders.com/140/thumb-1920-140111.jpg
Butch Cassidy and the Sundance Kid,600,1969-10-24,110,Western,George Roy Hill,United States,PG,6000000.0,102300000.0,7,4,https://www.themoviedb.org/t/p/original/zysif0dZ4xzjONmrIu8V3LLgVeN.jpg
Midnight Cowboy,601,1969-05-25,113,Drama,John Schlesinger,United States,18,3200000.0,44800000.0,7,3,https://www.vintagemovieposters.co.uk/wp-content/uploads/2020/10/IMG_0334-scaled.jpeg
Easy Rider,602,1969-07-14,95,Drama,Dennis Hopper,United States,18,360000.0,60000000.0,2,0,http://www.impawards.com/1969/posters/easy_rider_xlg.jpg
Paint Your Wagon,605,1969-10-15,154,Musical,Joshua Logan,United States,PG,20000000.0,31678778.0,1,0,https://cdn.shopify.com/s/files/1/1057/4964/products/Paint-Your-Wagon-Vintage-Movie-Poster-Original-1-Sheet-27x41_1400x.progressive.jpg?v=1663224814
True Grit,606,1969-06-11,128,Western,Henry Hathaway,United States,U,,43700000.0,2,1,https://4.bp.blogspot.com/-j3VTR43r_nw/WpNQks1xMkI/AAAAAAAAYo4/MWwSF0oHUdczhl50d1tE2y5_nUjrPPI4wCLcBGAs/s1600/true-grit-movie-poster.jpg
2001: A Space Odyssey,609,1968-04-03,142,Science Fiction,Stanley Kubrick,United Kingdom,U,12000000.0,190000000.0,4,1,https://cdn.shopify.com/s/files/1/1057/4964/products/2001-a-space-odyssey-vintage-movie-poster-original-1-sheet-27x41-8025.jpg?v=1535853422
The Love Bug,611,1968-12-24,108,Comedy,Robert Stevenson,United States,U,5000000.0,51264000.0,0,0,https://cdn11.bigcommerce.com/s-yzgoj/images/stencil/1280x1280/products/2908474/5918001/MOVGI3344__86047.1679569593.jpg?c=2
The Odd Couple,612,1968-05-02,105,Comedy,Gene Saks,United States,PG,1200000.0,44527234.0,2,0,https://www.themoviedb.org/t/p/original/rj2Yw4rZUHu7uXxHqgbcZaGPRGo.jpg
Bullitt,613,1968-10-17,113,Crime,Peter Yates,United States,15,5500000.0,42300000.0,2,1,https://i.pinimg.com/originals/a1/19/8f/a1198f34db1cbbd6aef5b81f4da670ea.jpg
Romeo and Juliet,614,1968-10-08,138,Romance,Franco Zeffirelli,United Kingdom,PG,850000.0,38900000.0,4,2,http://c8.alamy.com/comp/B3KNF3/william-shakespeares-romeo-and-juliet-poster-for-1996-tcfbazmark-film-B3KNF3.jpg
Oliver!,615,1968-09-26,153,Musical,Carol Reed,United Kingdom,U,10000000.0,77400000.0,11,5,https://i.pinimg.com/originals/71/28/23/712823f929100640ecf49670009c907c.png
Planet of the Apes,617,1968-04-03,112,Science Fiction,Franklin J. Schaffner,United States,PG,5800000.0,33400000.0,2,0,https://www.themoviedb.org/t/p/original/yUfm6XbvUIGvx78DUH9VxIQugWl.jpg
The Graduate,618,1967-12-21,105,Comedy,Mike Nichols,United States,15,3000000.0,104900000.0,7,1,https://cdn.shopify.com/s/files/1/1057/4964/products/The-Graduate-Vintage-Movie-Poster-Original-Lobby-Card-11x14_4bbda59d-fbdd-4a4d-abf3-2d8ace7e43b1_1400x.progressive.jpg?v=1663224916
The Jungle Book,619,1967-10-18,78,Animation,Wolfgang Reitherman,United States,U,4000000.0,205800000.0,1,0,https://vignette.wikia.nocookie.net/disney/images/e/eb/The_Jungle_Book_-_Film_Poster.jpg/revision/latest?cb=20160225214206
Bonnie and Clyde,621,1967-08-13,111,Crime,Arthur Penn,United States,18,2500000.0,70000000.0,10,2,https://image.tmdb.org/t/p/original/62l1B17cQoYStMQ5nt0vWoFhDxZ.jpg
The Dirty Dozen,622,1967-06-15,150,War,Robert Aldrich,United States,15,5400000.0,45300000.0,4,1,https://www.themoviedb.org/t/p/original/txUfoxLgASw8XG5zJGNWW9wee9E.jpg
Night of the Living Dead,627,1968-10-01,96,Horror,George A. Romero,United States,15,114000.0,30000000.0,0,0,https://www.themoviedb.org/t/p/original/b6yJXwYAXgqJKNdOrEQxxbQ8oG4.jpg
"The Good, the Bad and the Ugly",633,1966-12-15,177,Western,Sergio Leone,Italy,18,1200000.0,25100000.0,0,0,http://pre02.deviantart.net/ece6/th/pre/i/2013/312/a/f/the_good__the_bad_and_the_ugly_movie_poster_by_designguy89-d6tk60o.jpg
Grand Prix,636,1966-12-21,179,Sport,John Frankenheimer,United States,PG,9000000.0,20800000.0,3,3,https://a.1stdibscdn.com/archivesE/upload/10126/08_14/pc0222/ORG_PC0222.JPG?disable=upscale&auto=webp&quality=60&width=1318
The Sound of Music,638,1965-03-02,174,Musical,Robert Wise,United States,U,8200000.0,286200000.0,10,5,https://www.dvdsreleasedates.com/posters/800/T/The-Sound-of-Music-movie-poster.jpg
Doctor Zhivago,639,1965-12-22,193,Romance,David Lean,United Kingdom,15,11000000.0,111700000.0,10,5,https://filmartgallery.com/cdn/shop/products/Dr_-Zhivago-Vintage-Movie-Poster-Original-1-Sheet-27x41_7a056424-2db7-438c-bfa6-86675fb61393_800x.progressive.jpg?v=1664249947
What's New Pussycat?,644,1965-06-22,108,Comedy,Clive Donner,United States,15,,18820000.0,1,0,http://filmartgallery.com/cdn/shop/products/whats-new-pussycat-vintage-movie-poster-original-1-sheet-27x41-6383.jpg?v=1663223133
Von Ryan's Express,646,1965-06-23,117,War,Mark Robson,United States,PG,5760000.0,17111111.0,1,0,https://www.cinemaclock.com/images/posters/1000x1500/93/von-ryan-s-express-1965-us-poster.jpg
Mary Poppins,647,1964-08-27,139,Musical,Robert Stevenson,United States,U,,102300000.0,13,5,https://originalvintagemovieposters.com/wp-content/uploads/2020/02/MARY-POPPINS-7643-scaled-1367x2048.jpg
My Fair Lady,648,1964-11-09,170,Musical,George Cukor,United States,U,17000000.0,72000000.0,12,8,https://cdn.shopify.com/s/files/1/1416/8662/products/my_fair_lady_R94_original_film_art_f_1200x.jpg?v=1575938514
A Fistful of Dollars,650,1964-09-12,99,Western,Sergio Leone,Italy,15,225000.0,14500000.0,0,0,https://i.etsystatic.com/17433863/r/il/533b8d/1911779863/il_fullxfull.1911779863_ovef.jpg
A Shot in the Dark,652,1964-06-23,102,Comedy,Blake Edwards,United Kingdom,PG,,12368234.0,0,0,https://c8.alamy.com/comp/H5YWDB/a-shot-in-the-dark-1964-movie-poster-H5YWDB.jpg
A Hard Day's Night,653,1964-07-06,87,Musical,Richard Lester,United Kingdom,U,200000.0,12299668.0,2,0,https://picfiles.alphacoders.com/350/thumb-1920-350877.jpg
Cleopatra,655,1963-06-12,248,History,Joseph L. Mankiewicz,United States,PG,31100000.0,57800000.0,9,4,https://originalvintagemovieposters.com/wp-content/uploads/2017/11/Cleopatra-6314LB.jpg
How the West Was Won,656,1963-02-20,164,Western,John Ford,United States,U,14483000.0,50000000.0,8,3,https://www.themoviedb.org/t/p/original/8skxwfZEige3QdnlrHFi2Ls31iO.jpg
"It's a Mad, Mad, Mad, Mad World",657,1963-11-07,210,Comedy,Stanley Kramer,United States,U,9400000.0,60000000.0,6,1,https://www.themoviedb.org/t/p/original/5S8VWhy4aE47MOTYqrFitTS5Jpw.jpg
The Sword in the Stone,660,1963-12-25,79,Animation,Wolfgang Reitherman,United States,U,3000000.0,22200000.0,1,0,https://image.tmdb.org/t/p/original/uGQno0IIjqR27oYYmOwJ8xEDnxS.jpg
The Birds,662,1963-03-28,119,Horror,Alfred Hitchcock,United States,15,3300000.0,11400000.0,1,0,http://www.cinemasterpieces.com/birds2july08.jpg
Lawrence of Arabia,664,1962-12-10,222,Biography,David Lean,United Kingdom,PG,15000000.0,70000000.0,10,7,https://sothebys-md.brightspotcdn.com/c1/c4/72e5c8c64cb6971a68c515ae832e/l19985-b9yft-01.jpg
The Longest Day,665,1962-09-25,178,War,Ken Annakin,United States,PG,7750000.0,50100000.0,5,2,https://picfiles.alphacoders.com/138/thumb-1920-138152.jpg
Mutiny on the Bounty,669,1962-11-08,185,History,Lewis Milestone,United States,15,19000000.0,13680000.0,7,0,http://www.impawards.com/1935/posters/mutiny_on_the_bounty_ver6_xxlg.jpg
To Kill a Mockingbird,670,1962-12-25,129,Drama,Robert Mulligan,United States,PG,2000000.0,13100000.0,8,3,http://www.impawards.com/1962/posters/to_kill_a_mockingbird_xxlg.jpg
West Side Story,674,1961-10-18,152,Musical,Robert Wise,United States,PG,6000000.0,43700000.0,11,10,https://i.etsystatic.com/22719377/r/il/e92c1e/3079037154/il_fullxfull.3079037154_x861.jpg
The Guns of Navarone,675,1961-04-27,158,War,J. Lee Thompson,United Kingdom,PG,6000000.0,28900000.0,7,1,https://img.moviepostershop.com/the-guns-of-navarone-movie-poster-1961-1020186989.jpg
El Cid,676,1961-12-06,184,History,Anthony Mann,United States,U,6200000.0,30000000.0,3,0,https://image.tmdb.org/t/p/original/2CKcPo2M9pejF3Vi7PBHPVw5Eei.jpg
The Absent-Minded Professor,677,1961-03-16,97,Comedy,Robert Stevenson,United States,U,,25400000.0,3,0,https://i.pinimg.com/originals/53/a6/2a/53a62aedd7f8c591dd5b53c82cc44448.jpg
The Parent Trap,678,1961-06-21,128,Comedy,David Swift,United States,U,,25100000.0,2,0,https://www.themoviedb.org/t/p/original/iaFKLkwGvzjpx9oiJpCAVxuBFhA.jpg
La Dolce Vita,679,1960-02-05,174,Comedy,Federico Fellini,Italy,15,,19500000.0,4,1,https://retrographik.com/wp-content/uploads/2014/12/La-Dolce-Vita-Vintage-Film-Poster-1960.jpg
One Hundred and One Dalmatians,682,1961-01-25,79,Animation,Wolfgang Reitherman,United States,U,4000000.0,215800000.0,0,0,http://static2.wikia.nocookie.net/__cb20110708203837/disney/images/c/cd/One_Hundred_and_One_Dalmatians_movie_poster.jpg
Spartacus,684,1960-10-07,184,History,Stanley Kubrick,United States,PG,12000000.0,60000000.0,6,4,https://image.tmdb.org/t/p/original/prdCmV8GkDLpguwoxBQczFAwvci.jpg
Psycho,685,1960-06-16,109,Horror,Alfred Hitchcock,United States,15,806947.0,50000000.0,4,0,https://i.pinimg.com/originals/91/7f/d6/917fd68127637ca86dcf9748e4e87630.jpg
Swiss Family Robinson,687,1960-12-21,126,Adventure,Ken Annakin,United States,U,4000000.0,40000000.0,0,0,https://cdn.shopify.com/s/files/1/1416/8662/products/Swiss_Family_Robinson_R1969_original_film_art_2000x.jpg?v=1569063373
The Alamo,688,1960-10-24,167,War,John Wayne,United States,U,12000000.0,17260000.0,7,1,https://www.themoviedb.org/t/p/original/W1DXnRjVfIx5FHD4qyObaKNFar.jpg
Ocean's 11,691,1960-08-10,127,Comedy,Lewis Milestone,United States,PG,2800000.0,5650000.0,0,0,https://image.tmdb.org/t/p/original/stP3V8n4HHRA57s2Id8LyljWZzl.jpg
Ben-Hur,694,1959-11-18,212,Drama,William Wyler,United States,PG,15200000.0,146900000.0,12,11,https://upload.wikimedia.org/wikipedia/commons/7/74/Ben_hur_1959_poster.jpg
Sleeping Beauty,695,1959-01-29,75,Animation,Wolfgang Reitherman,United States,U,6000000.0,51600000.0,1,0,http://img3.wikia.nocookie.net/__cb20130717204800/disney/images/a/a9/Sleeping_Beauty_poster.jpg
North by Northwest,696,1959-07-28,136,Thriller,Alfred Hitchcock,United States,PG,4326000.0,9800000.0,3,0,http://1.bp.blogspot.com/_5SMlnCFhaTA/TGLF02P99MI/AAAAAAAAOa8/jAeIoUs7h5s/s1600/Poster_03.jpg
Some Like It Hot,697,1959-03-29,121,Romantic Comedy,Billy Wilder,United States,U,2900000.0,40000000.0,6,1,https://www.themoviedb.org/t/p/original/hVIKyTK13AvOGv7ICmJjK44DTzp.jpg
Rio Bravo,702,1959-03-18,141,Western,Howard Hawks,United States,PG,,12535000.0,0,0,http://cdn.shopify.com/s/files/1/1057/4964/products/Rio-Bravo-Vintage-Movie-Poster-Original-1-Sheet-27x41.jpg?v=1663224365
South Pacific,704,1958-03-19,171,Musical,Joshua Logan,United States,U,5610000.0,36800000.0,3,1,https://www.chisholm-poster.com/large/CL71952.jpg
Cat on a Hot Tin Roof,706,1958-09-20,107,Drama,Richard Brooks,United States,15,,,6,0,https://i.etsystatic.com/17783915/r/il/379825/1591294667/il_fullxfull.1591294667_n3w8.jpg
The Vikings,709,1958-06-28,116,Adventure,Richard Fleischer,United States,PG,3500000.0,6000000.0,0,0,"https://cdn.domestika.org/c_fit,dpr_auto,f_auto,q_80,t_base_params,w_820/v1612441735/content-items/006/982/326/The-Vikings_Key-art_movieposter-original.jpg?1612441735"
Vertigo,710,1958-05-09,128,Thriller,Alfred Hitchcock,United States,PG,2500000.0,7300000.0,2,0,http://cdn8.openculture.com/wp-content/uploads/2014/02/Vertigomovie_restoration.jpg
The Bridge on the River Kwai,714,1957-10-02,161,War,David Lean,United Kingdom,U,2800000.0,30600000.0,8,7,https://image.tmdb.org/t/p/original/fuWtWy49Dbzz9UAnIHhKA0Z5LuT.jpg
Old Yeller,717,1957-12-25,83,Drama,Robert Stevenson,United States,U,,6250000.0,0,0,https://cdn.posteritati.com/posters/000/000/014/872/old-yeller-md-web.jpg
A Farewell to Arms,721,1957-12-14,152,Drama,Charles Vidor,United States,15,4300000.0,20000000.0,1,0,https://c8.alamy.com/comp/E5MDP3/a-farewell-to-arms-us-poster-from-left-jennifer-jones-rock-hudson-E5MDP3.jpg
Gunfight at the O.K. Corral,722,1957-05-30,122,Western,John Sturges,United States,PG,2000000.0,10700000.0,2,0,https://www.themoviedb.org/t/p/original/i2HuPKwbpHd3Z3BfvFA3JxccKY5.jpg
The Ten Commandments,724,1956-10-05,220,Fantasy,Cecil B. DeMille,United States,U,13200000.0,80000000.0,7,1,https://www.themoviedb.org/t/p/original/4h3n4AddCqebg1Lq6DaT0JUXNul.jpg
War and Peace,726,1956-08-21,208,Drama,King Vidor,United States,PG,6000000.0,12500000.0,3,0,https://c8.alamy.com/comp/F2WE25/war-and-peace-1956-movie-poster-F2WE25.jpg
The King and I,727,1956-06-28,133,Musical,Walter Lang,United States,U,4550000.0,21300000.0,9,5,https://image.tmdb.org/t/p/original/v3sj9BKlV38Yk0MqQMBdNVtZAhr.jpg
The Searchers,728,1956-03-13,119,Western,John Ford,United States,U,3750000.0,37500000.0,0,0,https://image.tmdb.org/t/p/original/tOnLv480hVF40FU2o3vOrVotF9O.jpg
High Society,731,1956-07-17,111,Musical,Charles Walters,United States,U,2762000.0,8258000.0,2,0,https://sothebys-md.brightspotcdn.com/4b/76/65d76a224b4e9c830715787c10c1/l19985-b9ydn-01.jpg
Oklahoma!,736,1955-10-11,145,Musical,Fred Zinnemann,United States,U,5000000.0,7100000.0,4,2,https://www.themoviedb.org/t/p/original/garifFbLvBZsfGk08zUnJnRSvwd.jpg
Guys and Dolls,737,1955-11-03,150,Musical,Joseph L. Mankiewicz,United States,U,5500000.0,20000000.0,4,0,http://cdn.shopify.com/s/files/1/1057/4964/products/Guys-and-Dolls-Vintage-Movie-Poster-Original-Half-sheet-22x28.jpg?v=1650488667
Lady and the Tramp,738,1955-06-22,75,Animation,Clyde Geronimi,United States,U,4000000.0,93600000.0,0,0,https://cdn.shopify.com/s/files/1/1416/8662/products/lady_and_the_tramp_R80_original_film_art_spo_2000x.jpg?v=1551891269
"20,000 Leagues Under the Sea",744,1954-12-23,127,Adventure,Richard Fleischer,United States,U,5000000.0,28200000.0,3,2,https://www.themoviedb.org/t/p/original/rRACoA7fv4YXKrEg4S3mCrqw85s.jpg
The Robe,753,1953-09-16,135,Drama,Henry Koster,United States,U,4100000.0,36000000.0,5,2,https://cdn.shopify.com/s/files/1/1416/8662/products/robe_1953_R63_half_original_film_art_2000x.jpg?v=1595701523
From Here to Eternity,754,1953-08-05,118,Drama,Fred Zinnemann,United States,PG,2500000.0,30500000.0,13,8,http://www.impawards.com/1953/posters/from_here_to_eternity_ver2_xlg.jpg
Shane,755,1953-04-23,118,Western,George Stevens,United States,PG,3100000.0,20000000.0,6,1,https://image.tmdb.org/t/p/original/eICpZV65vjBJJe5jG4w5fw6sMYc.jpg
Peter Pan,757,1953-02-05,76,Animation,Clyde Geronimi,United States,U,4000000.0,87400000.0,0,0,https://www.themoviedb.org/t/p/original/kZhJERHmchi1ez69wrh7pETgK7R.jpg
Gentlemen Prefer Blondes,761,1953-07-15,91,Musical,Howard Hawks,United States,U,2260000.0,5300000.0,0,0,http://c8.alamy.com/comp/EF86Y0/jane-russell-marilyn-monroe-poster-gentlemen-prefer-blondes-1953-EF86Y0.jpg
Ivanhoe,766,1952-07-31,106,Adventure,Richard Thorpe,United Kingdom,U,3842000.0,10878000.0,3,0,http://www.impawards.com/1952/posters/ivanhoe_xxlg.jpg
Singin' in the Rain,767,1952-04-11,103,Musical,Gene Kelly,United States,U,2500000.0,12400000.0,2,0,https://www.oscars.org/sites/oscars/files/theatrical_poster_0.jpg
Moulin Rouge,769,1952-12-23,119,Drama,John Huston,United Kingdom,PG,1500000.0,5000000.0,7,2,https://cdn.shopify.com/s/files/1/1416/8662/products/moulin_rouge_teaser_original_film_art_spo_2000x.jpg?v=1551789862
Alice in Wonderland,774,1951-06-26,75,Animation,Clyde Geronimi,United States,U,3000000.0,5232000.0,1,0,https://originalvintagemovieposters.com/wp-content/uploads/2022/06/ALICE-IN-WONDERLAND-10264-scaled.jpg
A Streetcar Named Desire,776,1951-09-18,122,Drama,Elia Kazan,United States,15,1800000.0,8000000.0,12,4,https://i5.walmartimages.com/seo/POSTER-Marlon-Brando-Deluxe-Poster-Art-Print-Brando-in-A-Streetcar-Named-Desire-24x36-UNFRAMED_4ce83854-bc7a-44b3-82b9-be21067ea1b8.ee9346ebe22506e364965fc993d84f95.jpeg?odnHeight=640&odnWidth=640&odnBg=FFFFFF
The African Queen,779,1951-12-23,105,Adventure,John Huston,United States,U,1000000.0,10750000.0,4,1,https://originalvintagemovieposters.com/wp-content/uploads/2015/06/African-Queen-3696.jpg
Strangers on a Train,781,1951-06-30,101,Thriller,Alfred Hitchcock,United States,PG,1200000.0,7000000.0,1,0,https://i.pinimg.com/originals/31/33/61/313361e91cb719baf471a75a49032ed0.jpg
Cinderella,783,1950-03-04,75,Animation,Clyde Geronimi,United States,U,2900000.0,263600000.0,3,0,https://picfiles.alphacoders.com/368/368054.jpg
King Solomon's Mines,784,1950-11-24,103,Adventure,Compton Bennett,United States,PG,2300000.0,15100000.0,3,2,https://www.themoviedb.org/t/p/original/7olDngYhOlWDFewg1mzmLYyavZn.jpg
Annie Get Your Gun,785,1950-05-17,107,Musical,Charles Walters,United States,U,3734000.0,7756000.0,4,1,https://www.themoviedb.org/t/p/original/c2ZLeqZVI2FYctcrFwm5C86zkLH.jpg
Sands of Iwo Jima,796,1949-12-14,100,War,Allan Dwan,United States,PG,1000000.0,5000000.0,4,0,https://image.tmdb.org/t/p/original/utpy9JLuyhsxpw2E3yExw23f3eS.jpg
For Whom the Bell Tolls,853,1943-07-14,170,War,Sam Wood,United States,U,3000000.0,7100000.0,9,1,https://www.themoviedb.org/t/p/original/4GuMovYLNkugU945CNsfwzmYfts.jpg
Casablanca,858,1942-11-26,102,Drama,Michael Curtiz,United States,U,878000.0,3700000.0,8,3,https://cdn11.bigcommerce.com/s-rmoyg9wwxo/images/stencil/2560w/products/205/511/casablanca-fine-art-lithograph-poster__23446.1466486887.jpg?c=2
The Great Dictator,885,1940-10-15,124,Comedy,Charlie Chaplin,United States,U,2000000.0,5000000.0,5,0,https://www.themoviedb.org/t/p/original/soRh8JZKJFHVeApf6SoBWJTO0j9.jpg
The Grapes of Wrath,887,1940-01-24,129,Drama,John Ford,United States,PG,800000.0,2500000.0,7,2,https://image.tmdb.org/t/p/original/jRbRDNi9MgvhRc68PSQPMqnG24x.jpg
Gone with the Wind,893,1939-12-15,221,Romance,Victor Fleming,United States,PG,3850000.0,198000000.0,13,8,https://cdn.shopify.com/s/files/1/1057/4964/products/Gone-With-the-Wind-Vintage-Movie-Poster-Original-1-Sheet-27x41_a4b03463-4d56-4ba0-9370-08af7f40d9ac.jpg?v=1639623969
"Goodbye, Mr. Chips",899,1939-05-15,114,Drama,Sam Wood,United Kingdom,U,1051000.0,3252000.0,7,1,https://www.themoviedb.org/t/p/original/4xaNpIynu9KjIbLGdQTjdfUYEJq.jpg
The Wizard of Oz,900,1939-08-25,101,Fantasy,Victor Fleming,United States,U,2800000.0,22300000.0,6,2,https://cdn11.bigcommerce.com/s-ydriczk/images/stencil/1280x1280/products/86880/86433/Wizard_Of_Oz_75th_Anniversary_IMAX_Poster_buy_original_movie_posters_at_starstills__77669__53455.1394515690.jpg?c=2?imbypass=on
Angels with Dirty Faces,911,1938-11-26,97,Crime,Michael Curtiz,United States,PG,,1700000.0,3,0,http://doctormacro.com/Images/Posters/A/Poster+-+Angels+With+Dirty+Faces_01.jpg
Snow White and the Seven Dwarfs,913,1937-12-21,83,Animation,David Hand,United States,U,2000000.0,184925485.0,1,0,https://i.pinimg.com/originals/7a/3e/50/7a3e50319835d1f380389a2d3bbab89f.jpg
Anna Karenina,941,1935-08-30,95,Drama,Clarence Brown,United States,U,1152000.0,2304000.0,0,0,https://image.tmdb.org/t/p/original/rJJfkj15u7QY0TnFaVSBPjXanZb.jpg
Frankenstein,972,1931-11-21,71,Horror,James Whale,United States,PG,262000.0,12000000.0,0,0,https://flxt.tmsimg.com/assets/p5448_p_v10_aa.jpg
Dracula,977,1931-02-12,85,Horror,Tod Browning,United States,PG,355000.0,,0,0,https://image.tmdb.org/t/p/original/penfSq3ziD1OqY4wD9GnZQMuF1T.jpg
All Quiet on the Western Front,982,1930-04-21,152,War,Lewis Milestone,United States,PG,1200000.0,3000000.0,4,2,http://www.impawards.com/1930/posters/all_quiet_on_the_western_front_xxlg.jpg
The Kid,1063,1921-01-21,68,Comedy,Charlie Chaplin,United States,U,250000.0,2500000.0,0,0,http://www.impawards.com/1921/posters/kid_ver2.jpg
Star Wars: The Force Awakens,1120,2015-12-17,136,Science Fiction,J. J. Abrams,United States,12A,306000000.0,2066000000.0,5,0,https://www.themoviedb.org/t/p/original/nfqXutLdBBo1G36Mt5iHSJFjmLT.jpg
Jurassic World,1121,2015-06-12,124,Adventure,Colin Trevorrow,United States,12A,150000000.0,1670000000.0,0,0,https://www.newdvdreleasedates.com/images/posters/large/jurassic-world-2015-09.jpg
Furious 7,1122,2015-04-03,137,Action,James Wan,United States,12A,190000000.0,1516000000.0,0,0,https://www.themoviedb.org/t/p/original/pZqX9cuhlukCLMwfzHau7wBurr3.jpg
Avengers: Age of Ultron,1123,2015-05-01,141,Action,Joss Whedon,United States,12A,250000000.0,1405000000.0,0,0,https://www.themoviedb.org/t/p/original/tTzs0sigsjYotvnlSz2FYq0tx6M.jpg
Minions,1124,2015-06-11,91,Animation,Pierre Coffin,United States,U,74000000.0,1159000000.0,0,0,https://www.themoviedb.org/t/p/original/oYsloNq9IYADOdzlsfDmuUQvJ2u.jpg
Spectre,1125,2015-10-26,148,Thriller,Sam Mendes,United Kingdom,12A,245000000.0,880700000.0,1,1,https://www.themoviedb.org/t/p/original/kbLGA8bLxJIbKuiEM5v1WidesMH.jpg
Inside Out,1126,2015-06-19,94,Animation,Pete Docter,United States,U,175000000.0,857400000.0,2,1,http://rotoscopers.com/wp-content/uploads/2015/03/inside-out-final-poster-pixar.jpg
Mission: Impossible - Rogue Nation,1127,2015-07-31,131,Action,Christopher McQuarrie,United States,12A,150000000.0,682300000.0,0,0,https://image.tmdb.org/t/p/original/jl55PymKKRMpTVQyLyMS3Iqg7Vx.jpg
The Hunger Games: Mockingjay - Part 2,1128,2015-11-20,137,Science Fiction,Francis Lawrence,United States,12A,150000000.0,653400000.0,0,0,https://image.tmdb.org/t/p/original/lImKHDfExAulp16grYm8zD5eONE.jpg
The Martian,1129,2015-10-02,141,Science Fiction,Ridley Scott,United States,12A,108000000.0,630200000.0,7,0,http://www.scifinow.co.uk/wp-content/uploads/2015/08/The-Martian-Launch-One-Sheet.jpg
Captain America: Civil War,1130,2016-05-06,147,Action,Anthony Russo,United States,12A,250000000.0,1153000000.0,0,0,https://image.tmdb.org/t/p/original/bTNMMjDsquhhJ7tDIOR91bG23Pl.jpg
Finding Dory,1131,2016-06-17,97,Animation,Andrew Stanton,United States,U,200000000.0,1025000000.0,0,0,https://image.tmdb.org/t/p/original/yFjVlsJmEMacU0BNUwdGZlo2ixq.jpg
Zootopia,1132,2016-04-04,108,Animation,Byron Howard,United States,PG,150000000.0,1024000000.0,0,0,https://www.themoviedb.org/t/p/original/uXoyYF5wLl5EUshzBR0YU6L0E70.jpg
The Jungle Book,1133,2016-04-15,105,Adventure,Jon Favreau,United States,PG,175000000.0,966500000.0,0,0,https://vignette.wikia.nocookie.net/disney/images/e/eb/The_Jungle_Book_-_Film_Poster.jpg/revision/latest?cb=20160225214206
Batman v Superman: Dawn of Justice,1134,2016-03-25,151,Action,Zack Snyder,United States,12,250000000.0,873300000.0,0,0,https://www.themoviedb.org/t/p/original/lQUFeo0oRvtiLKlT5zkQkuCW4jA.jpg
The Secret Life of Pets,1135,2016-07-08,87,Animation,Chris Renaud,United States,U,75000000.0,873400000.0,0,0,https://image.tmdb.org/t/p/original/vNbAtOhhdsCZkv1pVthyqdx394B.jpg
Deadpool,1136,2016-02-12,108,Action,Tim Miller,United States,15,58000000.0,782600000.0,0,0,https://mir-s3-cdn-cf.behance.net/project_modules/max_1200/04eafb25626631.5634844b7293f.jpg
Suicide Squad,1137,2016-08-05,123,Action,David Ayer,United States,15,175000000.0,745600000.0,0,0,https://orig15.deviantart.net/c5d7/f/2016/012/f/7/suicide_squad_movie_poster_by_bryanzap-d9nqilm.jpg
The Mermaid,1138,2016-02-08,94,Fantasy,Stephen Chow,China,15,60720000.0,553800000.0,0,0,http://static.rogerebert.com/uploads/movie/movie_poster/the-mermaid-2016/large_1yRISML18PqFypkfVl3ptSFjfFb.jpg
X-Men: Apocalypse,1139,2016-05-09,144,Action,Bryan Singer,United States,12A,178000000.0,543900000.0,0,0,https://www.themoviedb.org/t/p/original/vsv91Fj4pxOEm2QJ96jq2EXS7QT.jpg
Doctor Strange,1140,2016-11-04,115,Action,Scott Derrickson,United States,12A,165000000.0,571500000.0,0,0,https://picfiles.alphacoders.com/127/127252.jpg
City of God,1141,2002-08-30,130,Crime,Fernando Meirelles,Brazil,18,3300000.0,30600000.0,4,0,https://www.themoviedb.org/t/p/original/k7eYdWvhYQyRQoU2TB2A2Xu2TfD.jpg
The Parent Trap,1142,1998-07-29,128,Comedy,Nancy Meyers,United States,PG,75000000.0,83900000.0,0,0,http://images6.fanpop.com/image/photos/43100000/The-Parent-Trap-1998-Poster-disney-43144064-2000-3000.jpg
Captain Blood,1143,1935-12-28,119,Adventure,Michael Curtiz,United States,PG,1200000.0,3100000.0,5,0,https://www.themoviedb.org/t/p/original/gVe8iMI2Sk9n0CcoIXl56SBPdZT.jpg
The Adventures of Robin Hood,1144,1938-05-14,102,Adventure,Michael Curtiz,United States,U,2033000.0,3981000.0,4,3,https://www.themoviedb.org/t/p/original/10Vze6zfEl55SfTgtIxRbNWbCe1.jpg
The Charge of the Light Brigade,1145,1936-10-20,115,Adventure,Michael Curtiz,United States,PG,1330000.0,3300000.0,3,1,https://d3tudoxwnizvk7.cloudfront.net/gallery-jpeg/the_charge_of_the_light_brigade_posterlarge_6-394825833.jpg
The Hound of the Baskervilles,1146,1939-03-24,81,Mystery,Sidney Lanfield,United States,PG,,,0,0,https://www.themoviedb.org/t/p/original/tOUdfiOVdStXWmFXBh11cdNsAsz.jpg
The Adventures of Sherlock Holmes,1147,1939-09-01,81,Mystery,Alfred L. Werker,United States,PG,,,0,0,https://image.tmdb.org/t/p/original/hvVyRX7ka3dCIq2RCxsyqstw3QQ.jpg
Mutiny on the Bounty,1148,1935-11-08,132,Drama,Frank Lloyd,United States,PG,1950000.0,4460000.0,8,1,http://www.impawards.com/1935/posters/mutiny_on_the_bounty_ver6_xxlg.jpg
The Misfits,1149,1961-02-01,125,Drama,John Huston,United States,PG,4000000.0,4100000.0,0,0,https://cdn.traileraddict.com/content/paramount-pictures/the-misfits-poster.jpg
Lolita,1150,1962-06-13,152,Drama,Stanley Kubrick,United Kingdom,15,2000000.0,9250000.0,1,0,https://i5.walmartimages.com/asr/d0330966-8375-4b7a-ace4-c5129ea007cf.956d90d4edfeb11931798291500c5ac0.jpeg
The 39 Steps,1151,1935-06-06,86,Thriller,Alfred Hitchcock,United Kingdom,U,100000.0,,0,0,https://madeinatlantis.com/greatmovies/wp-content/uploads/2019/07/the-39-steps-1935-movie-poster-691x1024.jpg
Citizen Kane,1152,1941-05-01,119,Drama,Orson Welles,United States,U,839727.0,1140769.0,9,1,https://cdn.shopify.com/s/files/1/1057/4964/products/Citizen-Kane-Vintage-Movie-Poster-Original-1-Sheet-27x41-7403.jpg?v=1651554287
Metropolis,1153,1927-01-10,153,Science Fiction,Fritz Lang,Germany,PG,,,0,0,https://i.etsystatic.com/9687242/r/il/4b6b8d/791673771/il_1140xN.791673771_82hu.jpg
Anna Karenina,1154,1948-01-22,139,Drama,Julien Duvivier,United Kingdom,PG,1000000.0,,0,0,https://image.tmdb.org/t/p/original/rJJfkj15u7QY0TnFaVSBPjXanZb.jpg
Scarface,1155,1932-04-09,95,Crime,Howard Hawks,United States,15,,600000.0,0,0,https://www.vintagemovieposters.co.uk/wp-content/uploads/2023/02/IMG_0861-scaled.jpeg
The Public Enemy,1156,1931-04-23,83,Crime,William A. Wellman,United States,PG,151000.0,,1,0,http://images.moviepostershop.com/the-public-enemy-movie-poster-1931-1020143290.jpg
It's a Wonderful Life,1157,1946-12-20,130,Fantasy,Frank Capra,United States,U,3180000.0,3300000.0,5,0,https://jimmy.org/wp-content/uploads/2020/06/Its-A-Wonderful-Life-Movie-Poster-scaled.jpg
Mr. Smith Goes to Washington,1158,1939-10-17,129,Comedy,Frank Capra,United States,U,1500000.0,9000000.0,11,1,http://img.moviepostershop.com/mr-smith-goes-to-washington-movie-poster-1939-1020433536.jpg
Brief Encounter,1159,1945-11-26,86,Romance,David Lean,United Kingdom,PG,1000000.0,,3,0,http://images.moviepostershop.com/brief-encounter-movie-poster-1945-1020420899.jpg
The Killers,1160,1946-08-28,103,Crime,Robert Siodmak,United States,PG,,2500000.0,4,0,https://i.pinimg.com/originals/0d/a4/60/0da460273a0c59dee47801537c0b557e.jpg
The Seventh Veil,1161,1945-10-18,94,Crime,Compton Bennett,United Kingdom,PG,100000.0,2000000.0,1,1,https://www.themoviedb.org/t/p/original/alKdPC5kxXZKCWfqxPJDhuHGjb.jpg
Great Expectations,1162,1946-12-26,113,Drama,David Lean,United Kingdom,PG,500000.0,2000000.0,5,2,http://www.impawards.com/2012/posters/great_expectations_xxlg.jpg
Miracle on 34th Street,1163,1947-05-02,96,Comedy,George Seaton,United States,U,630000.0,2650000.0,4,3,https://c8.alamy.com/comp/EFB6G9/movie-poster-miracle-on-34th-street-1947-EFB6G9.jpg
Hamlet,1164,1948-05-04,155,Drama,Laurence Olivier,United Kingdom,U,750000.0,3250000.0,7,4,http://www.impawards.com/1996/posters/hamlet_ver2.jpg
Joan of Arc,1165,1948-11-11,145,Biography,Victor Fleming,United States,U,4650000.0,5768142.0,7,2,https://c8.alamy.com/comp/F2MM88/joan-of-arc-1948-02-movie-poster-F2MM88.jpg
The Three Musketeers,1166,1948-10-20,125,Adventure,George Sidney,United States,U,4474000.0,8412000.0,1,0,http://www.impawards.com/2011/posters/three_musketeers_ver26_xxlg.jpg
The Big Boss,1167,1971-10-03,110,Martial Arts,Lo Wei,Hong Kong,18,100000.0,2800000.0,0,0,https://cdn11.bigcommerce.com/s-yzgoj/images/stencil/1280x1280/products/2891743/5941798/MOVEB08070__50144.1679587847.jpg?c=2
Fist of Fury,1168,1972-03-22,108,Martial Arts,Lo Wei,Hong Kong,18,100000.0,3400000.0,0,0,https://www.themoviedb.org/t/p/original/eTrt9Bs7WjimOdyKVfoQdNeGb3J.jpg
Way of the Dragon,1169,1972-12-30,100,Martial Arts,Bruce Lee,Hong Kong,18,130000.0,5200000.0,0,0,https://images2.alphacoders.com/648/648852.jpg
Game of Death,1170,1978-03-23,85,Martial Arts,Robert Clouse,Hong Kong,18,850000.0,,0,0,https://posterspy.com/wp-content/uploads/2019/03/GameofdeathWyv01.jpg
Enter the Dragon,1171,1973-07-26,102,Martial Arts,Robert Clouse,Hong Kong,18,850000.0,22000000.0,0,0,https://mir-s3-cdn-cf.behance.net/project_modules/1400/f25bbf23730923.56327f215dee6.jpg
Monty Python and the Holy Grail,1172,1975-04-09,92,Comedy,Terry Gilliam,United Kingdom,15,400000.0,5000000.0,0,0,https://www.vintagemovieposters.co.uk/wp-content/uploads/2020/07/IMG_8527-scaled.jpeg
Monty Python's Life of Brian,1173,1979-08-17,93,Comedy,Terry Jones,United Kingdom,15,4000000.0,20000000.0,0,0,http://www.impawards.com/1979/posters/life_of_brian_ver3.jpg
Drunken Master,1174,1978-10-05,110,Martial Arts,Woo-ping Yuen,Hong Kong,15,,,0,0,https://image.tmdb.org/t/p/original/thK89E62MT2r8E9Uw21FX4n59tq.jpg
Half a Loaf of Kung Fu,1175,1978-07-01,98,Martial Arts,Chi-hwa Chen,Hong Kong,18,,,0,0,https://www.themoviedb.org/t/p/original/1WZQg2Z5OEQkSNCl8a0laQiC7MY.jpg
Snake and Crane Arts of Shaolin,1176,1978-03-08,93,Martial Arts,Chi-hwa Chen,Hong Kong,15,,,0,0,https://image.tmdb.org/t/p/original/vwMTpqm2GcjudUE256LulKshX6v.jpg
The Fearless Hyena,1177,1979-02-17,97,Martial Arts,Jackie Chan,Hong Kong,18,,,0,0,https://img.moviepostershop.com/the-fearless-hyena-movie-poster-1979-1020431150.jpg
Snake in the Eagle's Shadow,1178,1978-03-01,98,Martial Arts,Woo-ping Yuen,Hong Kong,18,,,0,0,https://c8.alamy.com/comp/E5N9NR/eagles-shadow-aka-snake-in-the-eagles-shadow-aka-se-ying-diu-sau-poster-E5N9NR.jpg
Spiritual Kung Fu,1179,1978-11-23,97,Martial Arts,Lo Wei,Hong Kong,15,,,0,0,https://www.themoviedb.org/t/p/original/i8PSlYby1O5l2oPBhSDFAl5vNT6.jpg
Dragon Fist,1180,1979-04-21,93,Martial Arts,Lo Wei,Hong Kong,15,,,0,0,https://www.themoviedb.org/t/p/original/8UVKLq39FkhjIlMck9XOVC2vJZ1.jpg
Magnificent Bodyguards,1181,1978-04-27,78,Martial Arts,Lo Wei,Hong Kong,15,,,0,0,http://www.cityonfire.com/wp-content/uploads/2011/07/MagUse.jpg
The Young Master,1182,1980-02-09,106,Martial Arts,Jackie Chan,Hong Kong,15,,,0,0,https://m.media-amazon.com/images/M/MV5BMTk2MTgxMjg4OV5BMl5BanBnXkFtZTYwODQ0MTg5._V1_FMjpg_UX1000_.jpg
Project A,1183,1983-12-22,106,Martial Arts,Jackie Chan,Hong Kong,18,,,0,0,https://www.themoviedb.org/t/p/original/1VtV4m9YKrqDHZDlW3bwTenerGS.jpg
Wheels on Meals,1184,1984-08-17,104,Martial Arts,Sammo Hung,Hong Kong,15,,,0,0,https://www.miramax.com/assets/1470_MealsOnWheels_Catalog_Poster_v2_Approved.png
Cannonball Run II,1185,1984-06-29,108,Comedy,Hal Needham,United States,PG,20000000.0,28000000.0,0,0,https://www.themoviedb.org/t/p/original/f9zdVkq4GFD7chCVds6wfWQNCdn.jpg
Police Story,1186,1985-12-14,101,Martial Arts,Jackie Chan,Hong Kong,15,,,0,0,https://image.tmdb.org/t/p/original/qdTiJhYH72UztsmFhF6Abk3GFQ0.jpg
Winners and Sinners,1187,1983-07-07,101,Martial Arts,Sammo Hung,Hong Kong,15,,,0,0,https://www.themoviedb.org/t/p/original/kpK9R3x7F4zYO9g5ZQejFQrmNki.jpg
My Lucky Stars,1188,1985-02-10,96,Martial Arts,Sammo Hung,Hong Kong,15,,,0,0,https://www.themoviedb.org/t/p/original/ctRSxU8cJm9pbesiL6BBTiJKa8s.jpg
"Twinkle, Twinkle Lucky Stars",1189,1985-08-15,90,Martial Arts,Sammo Hung,Hong Kong,18,,,0,0,https://www.themoviedb.org/t/p/original/3D0RlHz9W8VhwOmYqxJeBBLob2C.jpg
Armour of God,1190,1987-01-21,97,Martial Arts,Jackie Chan,Hong Kong,15,,,0,0,https://image.tmdb.org/t/p/original/u8Lh2XEcJoL58WSOvW5LaeCGGJ8.jpg
Project A Part II,1191,1987-08-19,106,Martial Arts,Jackie Chan,Hong Kong,15,,,0,0,https://www.themoviedb.org/t/p/original/oY6wOuPmeeDoKjPdPlMwwmDCYmA.jpg
Police Story 2,1192,1988-08-20,101,Martial Arts,Jackie Chan,Hong Kong,15,,,0,0,https://www.cinemaclock.com/images/posters/1000x1500/91/police-story-2-1988-us-poster.jpg
Dragons Forever,1193,1988-02-11,94,Martial Arts,Sammo Hung,Hong Kong,18,,,0,0,https://www.themoviedb.org/t/p/original/lt94C482UqyVlq1UdK5nvXukaw7.jpg
Armour of God II: Operation Condor,1194,1991-02-07,106,Martial Arts,Jackie Chan,Hong Kong,15,,10400000.0,0,0,https://www.mauvais-genres.com/22951-thickbox_default/armour-of-god-2-operation-condor-original-movie-poster-15x21-in-1991-jackie-chan-jackie-chan.jpg
Police Story 3: Super Cop,1195,1992-07-04,95,Martial Arts,Stanley Tong,Hong Kong,15,900000.0,16250000.0,0,0,https://www.themoviedb.org/t/p/original/1C49MPtKZ8fZXtzwSj4Ha0eEEjl.jpg
Once Upon a Time in China,1196,1991-08-15,134,Martial Arts,Hark Tsui,Hong Kong,15,,,0,0,https://alchetron.com/cdn/Once-Upon-a-Time-in-China-images-e5ec5ef5-1a41-45f7-9a74-198490718cb.jpg
Twin Dragons,1197,1992-01-15,104,Martial Arts,Hark Tsui,Hong Kong,12,10000000.0,11000000.0,0,0,https://www.themoviedb.org/t/p/original/sNH6Pkbkai6SZG16DClmP2N5ZV.jpg
Once Upon a Time in China II,1198,1992-04-16,113,Martial Arts,Hark Tsui,Hong Kong,15,,,0,0,https://m.media-amazon.com/images/M/MV5BMTkzNTQ3MTc1NV5BMl5BanBnXkFtZTYwODExMzY5._V1_FMjpg_UX1000_.jpg
Once Upon a Time in China III,1199,1993-02-11,105,Martial Arts,Hark Tsui,Hong Kong,PG,,,0,0,https://m.media-amazon.com/images/M/MV5BZmJiYTQ4NjctOGEzYy00YWQ1LTkyNDEtNWQ0NTlhZjA2MGU3XkEyXkFqcGdeQXVyNzM3NDU4Njk@._V1_FMjpg_UX1000_.jpg
Fong Sai-yuk,1200,1993-03-04,106,Martial Arts,Corey Yuen,Hong Kong,15,,,0,0,https://flxt.tmsimg.com/assets/p22349_v_v10_aa.jpg
Fong Sai-yuk II,1201,1993-07-30,96,Martial Arts,Corey Yuen,Hong Kong,15,,,0,0,https://m.media-amazon.com/images/M/MV5BZjllN2NhYmQtM2ZmYi00Y2ExLWI1NjYtZTIxNDgxY2NhOGVkXkEyXkFqcGdeQXVyMjQwMjk0NjI@._V1_FMjpg_UX1000_.jpg
Fist of Legend,1202,1994-12-22,103,Martial Arts,Gordon Chan,Hong Kong,18,,,0,0,http://forgottenflix.com/wp-content/uploads/2013/01/Fist-of-Legend-movie-poster.jpg
Romeo Must Die,1203,2000-03-22,115,Action,Andrzej Bartkowiak,United States,15,25000000.0,91000000.0,0,0,http://www.impawards.com/2000/posters/romeo_must_die_ver2.jpg
The One,1204,2001-11-02,87,Science Fiction,James Wong,United States,15,49000000.0,72700000.0,0,0,http://images.moviepostershop.com/the-one-movie-poster-2001-1020189820.jpg
Kiss of the Dragon,1205,2001-07-06,98,Action,Chris Nahon,France,18,25000000.0,64400000.0,0,0,http://s3-us-west-1.amazonaws.com/fff-ebay-images/7105eBay.jpg
Cradle 2 the Grave,1206,2003-02-28,101,Action,Andrzej Bartkowiak,United States,15,25000000.0,56500000.0,0,0,https://www.themoviedb.org/t/p/original/tfY4HdwKJxkpsmpADfLrU3JWMsT.jpg
Unleashed,1207,2005-02-02,102,Martial Arts,Louis Leterrier,France,18,45000000.0,50900000.0,0,0,https://www.themoviedb.org/t/p/original/wkjpOvpCsEJPfblRmEC0OImKiyk.jpg
Fearless,1208,2006-01-26,105,Martial Arts,Ronny Yu,China,15,,68100000.0,0,0,http://www.impawards.com/2006/posters/fearless_ver4_xlg.jpg
The Warlords,1209,2007-12-12,127,War,Peter Chan,Hong Kong,15,40000000.0,,0,0,https://www.filmofilia.com/wp-content/uploads/2009/12/warlords_poster.jpg
Dragon,1210,2011-05-13,116,Martial Arts,Peter Chan,Hong Kong,15,20000000.0,29100000.0,0,0,https://cdnb.artstation.com/p/marketplace/presentation_assets/002/687/603/medium/file.jpg?1683625269
The Forbidden Kingdom,1211,2008-04-18,104,Martial Arts,Rob Minkoff,United States,12A,55000000.0,128000000.0,0,0,http://www.impawards.com/2008/posters/forbidden_kingdom_ver8_xlg.jpg
The Mummy: Tomb of the Dragon Emperor,1212,2008-08-01,111,Adventure,Rob Cohen,United States,12A,145000000.0,401100000.0,0,0,https://www.themoviedb.org/t/p/original/wI4h6IyU5Ab9fG8PQ7HdyD10k9V.jpg
The Expendables,1213,2010-08-03,103,Action,Sylvester Stallone,United States,18,82000000.0,274500000.0,0,0,http://images4.fanpop.com/image/photos/15200000/Jason-Statham-in-The-Expendables-poster-the-expendables-15201669-971-1500.jpg
The Expendables 2,1214,2012-08-13,103,Action,Simon West,United States,15,100000000.0,305400000.0,0,0,https://www.themoviedb.org/t/p/original/zKDU6MD5rXRqkhc0foDkDiV9pa1.jpg
The Expendables 3,1215,2014-08-04,126,Action,Patrick Hughes,United States,15,90000000.0,206200000.0,0,0,https://www.themoviedb.org/t/p/original/401cRYNsNUECTGXrLmCG1SHJ1J7.jpg
The Incredible Hulk,1216,2008-06-08,112,Action,Louis Leterrier,United States,12A,150000000.0,263400000.0,0,0,https://image.tmdb.org/t/p/original/ovkZRy20F4YKddyQ9tVmVHatWiI.jpg
Now You See Me,1217,2013-05-21,115,Mystery,Louis Leterrier,United States,12,75000000.0,351700000.0,0,0,http://www.newdvdreleasedates.com/images/posters/large/now-you-see-me-2013-05.jpg
Clash of the Titans,1218,2010-04-02,106,Adventure,Louis Leterrier,United States,12A,125000000.0,493200000.0,0,0,https://originalvintagemovieposters.com/wp-content/uploads/2019/05/CLASH-OF-THE-TITANS-8232-1.jpg
Clash of the Titans,1219,1981-06-12,118,Adventure,Desmond Davis,United Kingdom,12,15000000.0,41000000.0,0,0,https://originalvintagemovieposters.com/wp-content/uploads/2019/05/CLASH-OF-THE-TITANS-8232-1.jpg
The Transporter,1220,2002-10-02,92,Action,Louis Leterrier,France,15,24000000.0,43900000.0,0,0,https://i.pinimg.com/originals/27/2d/64/272d640a0166155f7b23485011da16b9.jpg
Transporter 2,1221,2005-08-03,88,Action,Louis Leterrier,France,15,32000000.0,85160000.0,0,0,https://image.tmdb.org/t/p/original/cdm17vK8PxHfTi7ayZf6WKbOgUO.jpg
Zu Warriors from the Magic Mountain,1222,1983-02-05,98,Adventure,Hark Tsui,Hong Kong,PG,,,0,0,https://www.themoviedb.org/t/p/original/9vJi1xPMlC4qb41h08kvKZQXyFj.jpg
A Better Tomorrow,1223,1986-08-02,95,Action,John Woo,Hong Kong,18,,,0,0,https://i5.walmartimages.com/asr/352cc1a6-702e-4576-b4b2-f206c9c81698_1.be1d39d42d0d1c6b52c11d2e38c3d067.jpeg?odnWidth=1000&odnHeight=1000&odnBg=ffffff
A Better Tomorrow II,1224,1987-12-17,104,Action,John Woo,Hong Kong,18,,,0,0,https://www.themoviedb.org/t/p/original/1L6u3eQ3TibhhlRsj2B7hb7vJmG.jpg
The Master,1225,1992-05-28,92,Martial Arts,Hark Tsui,Hong Kong,18,,,0,0,http://www.impawards.com/2012/posters/master_ver4.jpg
A Better Tomorrow III,1226,1989-10-20,145,Action,Hark Tsui,Hong Kong,18,,,0,0,https://flxt.tmsimg.com/assets/p22610_p_v10_aa.jpg
The Killer,1227,1989-07-06,110,Action,John Woo,Hong Kong,18,,,0,0,https://static2.showtimes.com/poster/660x980/the-killer-173553.jpg
Seven Swords,1228,2005-07-29,153,Martial Arts,Hark Tsui,Hong Kong,15,18000000.0,,0,0,https://www.mauvais-genres.com/27092-thickbox_default/qi-jian-seven-swords-original-movie-poster-15x21-in-2005-tsui-hark-donnie-yen.jpg
Detective Dee and the Mystery of the Phantom Flame,1229,2010-09-29,122,Adventure,Hark Tsui,China,12,20000000.0,51700000.0,0,0,https://alchetron.com/cdn/Detective-Dee-and-the-Mystery-of-the-Phantom-Flame-images-4487aed2-6892-4042-9342-50b4479f2fd.jpg
Flying Swords of Dragon Gate,1230,2011-12-15,125,Martial Arts,Hark Tsui,China,15,35000000.0,100000000.0,0,0,http://upodcasting.com/wp-content/uploads/2012/11/Flying-Swords-of-Dragon-Gate.jpg
Young Detective Dee: Rise of the Sea Dragon,1231,2013-09-28,133,Adventure,Hark Tsui,China,12,,98400000.0,0,0,https://play-lh.googleusercontent.com/BoLwzdce2sMABYJ0pZ96GKhqLQrQw8TkPP6DjDvlqA9uH10DrNE1WZlc4ZQ540GdKiQV
Hard Boiled,1232,1992-04-16,128,Action,John Woo,Hong Kong,18,4500000.0,,0,0,https://i5.walmartimages.com/asr/4bc29b23-2fec-4756-9267-22126fc8d7dd_1.ab472a830341525201804493376da56f.jpeg?odnWidth=1000&odnHeight=1000&odnBg=ffffff
Hard Target,1233,1993-08-20,97,Action,John Woo,United States,18,19500000.0,74200000.0,0,0,http://www.impawards.com/1993/posters/hard_target.jpg
Broken Arrow,1234,1996-02-09,108,Action,John Woo,United States,15,50000000.0,150200000.0,0,0,https://i.etsystatic.com/15554723/r/il/e9d3fd/1578584869/il_1080xN.1578584869_ggpa.jpg
Face/Off,1235,1997-06-27,139,Action,John Woo,United States,18,80000000.0,245700000.0,1,0,https://www.prints4u.net/wp-content/uploads/2021/02/Face_Off-001.jpeg
Paycheck,1236,2003-12-25,119,Science Fiction,John Woo,United States,12A,60000000.0,96300000.0,0,0,https://www.themoviedb.org/t/p/original/kNaN1vG1nkyuFfh8uxjCsbtHFQO.jpg
Red Cliff,1237,2008-07-10,146,War,John Woo,China,15,80000000.0,124000000.0,0,0,https://cdn.traileraddict.com/content/summit-entertainment/red_cliff-12.jpg
Red Cliff II,1238,2009-01-07,142,War,John Woo,China,15,80000000.0,124300000.0,0,0,https://www.themoviedb.org/t/p/original/lrfTzfNkZ5Sfe4KGhXU1axKqsg2.jpg
The Raid,1239,2011-09-08,101,Martial Arts,Gareth Evans,Indonesia,18,1100000.0,9140000.0,0,0,http://3.bp.blogspot.com/-JASIcWpltZ4/T0Rg0jLGXkI/AAAAAAAAAGQ/ARJgZV2Sq-4/s1600/The+Raid_Poster_MM.jpg
Merantau,1240,2009-08-06,135,Martial Arts,Gareth Evans,Indonesia,15,,,0,0,https://image.tmdb.org/t/p/original/8V5EQTFfAu6oVvqJYuMvGhqWwmw.jpg
The Raid 2,1241,2014-01-21,150,Martial Arts,Gareth Evans,Indonesia,18,4500000.0,6600000.0,0,0,https://www.themoviedb.org/t/p/original/2AoH16dEeodzOR1nu9j88MHPUmU.jpg
Ong-Bak,1242,2003-01-21,108,Martial Arts,Prachya Pinkaew,Thailand,18,1100000.0,20112926.0,0,0,https://www.themoviedb.org/t/p/original/5iG1Ql7pQJd5gnG77BruaVYjLUq.jpg
Ong-Bak 2,1243,2008-12-04,98,Martial Arts,Tony Jaa,Thailand,15,8000000.0,9000000.0,0,0,http://www.cityonfire.com/wp-content/uploads/2010/03/ongbak2poster.jpg
Ong-Bak 3,1244,2010-05-05,95,Martial Arts,Tony Jaa,Thailand,18,,,0,0,http://static.cinemagia.ro/img/db/movie/55/89/44/ong-bak-3-610792l.jpg
Warrior King,1245,2005-08-11,110,Martial Arts,Prachya Pinkaew,Thailand,18,5000000.0,27200000.0,0,0,https://static2.showtimes.com/poster/660x980/warrior-king-171655.jpg
Warrior King 2,1246,2013-10-23,103,Martial Arts,Prachya Pinkaew,Thailand,15,15000000.0,,0,0,https://horrorcultfilms.b-cdn.net/wp-content/uploads/2014/07/warrior-king-2.jpg
Ip Man,1247,2008-12-18,108,Martial Arts,Wilson Yip,Hong Kong,15,11715000.0,21900000.0,0,0,https://www.themoviedb.org/t/p/original/5JpvPe8rrv88RviCtYZt7AC17zw.jpg
Ip Man 2,1248,2010-04-29,109,Martial Arts,Wilson Yip,Hong Kong,15,12900000.0,49700000.0,0,0,https://www.themoviedb.org/t/p/original/jcHDQuyoWRF9TTmltdFUofAT0PJ.jpg
Ip Man 3,1249,2015-12-16,105,Martial Arts,Wilson Yip,Hong Kong,12A,36000000.0,156844000.0,0,0,https://cdn.traileraddict.com/content/well-go-usa/ip-man-3.jpg
Iron Monkey,1250,1993-09-03,90,Martial Arts,Woo-ping Yuen,Hong Kong,12,11000000.0,15000000.0,0,0,https://www.themoviedb.org/t/p/original/5qECexmjaY1oaPhkvxYGD5lxL2j.jpg
"Crouching Tiger, Hidden Dragon: Sword of Destiny",1251,2016-02-18,105,Martial Arts,Woo-ping Yuen,United States,15,20000000.0,31000000.0,0,0,http://www.cinemaclock.com/images/posters/1000x1500/30/crouching-tiger-hidden-dragon-sword-of-destiny-2016-us-poster.jpg
Dragon Tiger Gate,1252,2006-07-28,96,Martial Arts,Wilson Yip,Hong Kong,15,,,0,0,https://www.themoviedb.org/t/p/original/pVoNKyIS9eaMqI0wOlDWpxhR1XN.jpg
Rashomon,1253,1950-08-25,88,Drama,Akira Kurosawa,Japan,PG,250000.0,,1,0,http://3.bp.blogspot.com/_hgArvKqmxrQ/TMQkzneM5oI/AAAAAAAABl0/V_1F4Kd021I/s1600/rashomon_sp2.jpg
Ikiru,1254,1952-10-09,143,Drama,Akira Kurosawa,Japan,PG,,,0,0,https://i.pinimg.com/736x/a1/de/e5/a1dee58ac002f5010e5cec3b63cb367c.jpg
Throne of Blood,1255,1957-01-15,110,Drama,Akira Kurosawa,Japan,PG,,,0,0,https://image.tmdb.org/t/p/original/iDmEAMZd3eYxfcK9EXVOddtEb7e.jpg
The Hidden Fortress,1256,1958-12-28,139,Adventure,Akira Kurosawa,Japan,PG,,,0,0,https://cinemachaat.files.wordpress.com/2014/06/the-hidden-fortress-movie-poster-1958-1020506994.jpg
Yojimbo,1257,1961-04-25,110,Action,Akira Kurosawa,Japan,PG,,,1,0,https://image.tmdb.org/t/p/original/tN7kYPjRhDolpui9sc9Eq9n5b2O.jpg
Sanjuro,1258,1962-01-01,95,Action,Akira Kurosawa,Japan,PG,,,0,0,https://image.tmdb.org/t/p/original/nAQCHSvOxw2eDBf04GRygrmnCJN.jpg
47 Ronin,1259,1994-10-22,132,Action,Kon Ichikawa,Japan,15,,,0,0,https://image.tmdb.org/t/p/original/zCxkObMfX0pJhcjicEdrop9VJxh.jpg
47 Samurai,1260,1962-11-03,207,Action,Hiroshi Inagaki,Japan,Unknown,,,0,0,https://pics.filmaffinity.com/La_leyenda_del_samuraai_47_Ronin-919577561-large.jpg
47 Ronin,1261,2013-12-06,127,Action,Carl Rinsch,United States,12A,225000000.0,151800000.0,0,0,https://image.tmdb.org/t/p/original/zCxkObMfX0pJhcjicEdrop9VJxh.jpg
The Tale of Osaka Castle,1262,1961-01-03,95,Action,Hiroshi Inagaki,Japan,Unknown,,,0,0,https://alchetron.com/cdn/The-Story-of-Osaka-Castle-images-06c77011-4fed-4510-b39f-65be2c2a1d0.jpg
Whirlwind,1263,1964-01-03,108,Action,Hiroshi Inagaki,Japan,Unknown,,,0,0,https://i.pinimg.com/originals/36/8c/fe/368cfe82d851ad3d7a2b9d09f3b6c639.png
Samurai Saga,1264,1959-04-28,111,Action,Hiroshi Inagaki,Japan,Unknown,,,0,0,https://ilarge.lisimg.com/image/721489/740full-samurai-saga-poster.jpg
Nippon tanjo,1265,1959-01-01,182,Fantasy,Hiroshi Inagaki,Japan,Unknown,,,0,0,https://posters.movieposterdb.com/12_08/1959/53117/l_53117_59afa489.jpg
Samurai I: Musashi Miyamoto,1266,1954-09-26,93,Action,Hiroshi Inagaki,Japan,PG,,,0,0,https://m.media-amazon.com/images/M/MV5BNmZhYzBlMWYtZTJhNi00ZTY0LWE2NDYtZWQwYWQ5YWY5ZTJiXkEyXkFqcGdeQXVyMTQxNzMzNDI@._V1_FMjpg_UX1000_.jpg
Samurai II: Duel at Ichijoji Temple,1267,1955-07-12,103,Action,Hiroshi Inagaki,Japan,PG,,,0,0,https://image.tmdb.org/t/p/original/acAQj3UdBDE3waSFtcNMPK69y7p.jpg
Samurai III: Duel at Ganryu Island,1268,1956-01-03,105,Action,Hiroshi Inagaki,Japan,PG,,,0,0,http://marqueeposter.com/wp-content/uploads/2015/12/42-samurai-iii-duel-at-ganryu-island-japanese-b0-1956-01-846x1200.jpg
Ichi the Killer,1269,2001-09-14,128,Crime,Takashi Miike,Japan,18,1400000.0,,0,0,https://www.themoviedb.org/t/p/original/cRSaoIBqV143XULAgkEqjBEH0RD.jpg
13 Assassins,1270,2010-09-25,125,Action,Takashi Miike,Japan,18,6000000.0,17100000.0,0,0,http://www.cityonfire.com/wp-content/uploads/2011/05/13_assassins_poster_low.jpg
Hara-Kiri: Death of a Samurai,1271,2011-05-19,126,Drama,Takashi Miike,Japan,18,,,0,0,https://m.media-amazon.com/images/M/MV5BOGI5M2E3N2MtMzI1ZS00NjZmLThkMjgtNDJmZDEzYWQyYWUwL2ltYWdlXkEyXkFqcGdeQXVyNTAyODkwOQ@@._V1_.jpg
Zatoichi,1272,2003-09-02,116,Action,Takeshi Kitano,Japan,18,,32300000.0,0,0,https://m.media-amazon.com/images/M/MV5BODI1OTEzZjgtZWVhYy00NTFmLThmMjgtMzI3YmViNWFjZmUxXkEyXkFqcGdeQXVyMTA0MTM5NjI2._V1_FMjpg_UX1000_.jpg
Thor,1273,2011-04-17,114,Action,Kenneth Branagh,United States,12A,150000000.0,449300000.0,0,0,https://www.themoviedb.org/t/p/original/3Q7VxyZlqCEfiUY9E9bcBE9qcyu.jpg
Battleship,1274,2012-04-03,131,Action,Peter Berg,United States,12A,220000000.0,303000000.0,0,0,https://www.themoviedb.org/t/p/original/uuG3nD4jLr4ghEdSFuOsLT9Kf6I.jpg
The Kingdom,1275,2007-08-22,109,Thriller,Peter Berg,United States,15,70000000.0,119000000.0,0,0,http://www.impawards.com/2007/posters/kingdom_xlg.jpg
Lone Survivor,1276,2013-11-12,121,War,Peter Berg,United States,15,40000000.0,154800000.0,2,0,https://picfiles.alphacoders.com/346/thumb-1920-346966.jpg
Deepwater Horizon,1277,2016-09-13,107,Disaster,Peter Berg,United States,12A,110000000.0,117300000.0,0,0,http://cdn.collider.com/wp-content/uploads/2016/09/deepwater-horizon-poster.jpg
Boiling Point,1278,1990-09-15,96,Crime,Takeshi Kitano,Japan,18,,,0,0,https://s.movieinsider.com/images/p/611627_m1635607355.jpg
Outrage,1279,2010-05-17,109,Crime,Takeshi Kitano,Japan,18,,,0,0,http://www.wearemoviegeeks.com/wp-content/uploads/outrage_poster.jpg
Beyond Outrage,1280,2012-09-02,112,Crime,Takeshi Kitano,Japan,Unknown,,16211000.0,0,0,https://cdn.traileraddict.com/content/magnolia-pictures/beyond_outrage.jpg
Battle Royale,1281,2000-12-16,113,Action,Kinji Fukasaku,Japan,18,4500000.0,25000000.0,0,0,https://www.themoviedb.org/t/p/original/aLGKAQKgzWpJ6egyWzzC11jXBRJ.jpg
The Fall of Ako Castle,1282,1978-10-28,158,Action,Kinji Fukasaku,Japan,Unknown,,,0,0,https://image.tmdb.org/t/p/original/lYRjSSboyUZTMCy2iESfpn7eQB4.jpg
Shogun's Samurai,1283,1978-01-21,130,Action,Kinji Fukasaku,Japan,Unknown,,,0,0,https://www.themoviedb.org/t/p/w600_and_h900_bestv2/4m3ohN3XWkjKVMMUbrWWWxQv3wI.jpg
Samurai Reincarnation,1284,1981-06-06,122,Action,Kinji Fukasaku,Japan,Unknown,,,0,0,http://cps-static.rovicorp.com/1/adg/covers/drt400/t466/t46677wgc3n.jpg?partner=allrovi.com
The Fast and the Furious: Tokyo Drift,1285,2006-06-04,104,Action,Justin Lin,United States,12A,85000000.0,158500000.0,0,0,https://www.themoviedb.org/t/p/original/g5pxxYlRJU7bG6ijgDbewXonmSY.jpg
The Bushido Blade,1286,1981-11-20,104,Action,Tom Kotani,United States,Unknown,,,0,0,https://flxt.tmsimg.com/assets/p43519_p_v8_aa.jpg
When the Last Sword Is Drawn,1287,2002-11-04,137,Drama,Yojiro Takita,Japan,15,4000000.0,,0,0,https://cdn11.bigcommerce.com/s-yzgoj/images/stencil/1280x1280/products/2012904/3738123/apivxhzww__17618.1625660934.jpg?c=2
Departures,1288,2008-08-23,130,Drama,Yojiro Takita,Japan,12A,,70000000.0,1,1,http://www.impawards.com/2009/posters/departures_xlg.jpg
The Twilight Samurai,1289,2002-11-02,129,Drama,Yoji Yamada,Japan,12,5000000.0,,1,0,https://4.bp.blogspot.com/-sq312fZQtKU/V8mszmOD2oI/AAAAAAAAR7c/brsHUKsKf4wwlEVi-ueAGZBjZedYp7bCwCLcB/s640/twilight_samurai.jpg
The Hidden Blade,1290,2004-10-30,132,Drama,Yoji Yamada,Japan,15,,,0,0,https://www.themoviedb.org/t/p/original/j6eOTaZJqWG9lEFWfK9jJqd03Qo.jpg
Love and Honor,1291,2006-10-20,118,Drama,Yoji Yamada,Japan,12,,33755000.0,0,0,http://www.filmofilia.com/wp-content/uploads/2013/02/LOVE-AND-HONOR-Poster.jpg
Lone Wolf and Cub: Sword of Vengeance,1292,1972-04-01,83,Adventure,Kenji Misumi,Japan,18,,,0,0,https://www.themoviedb.org/t/p/original/wCb7fpMrgn1SBSzJHxxg0nhNjAh.jpg
Lone Wolf and Cub: Baby Cart at the River Styx,1293,1972-04-27,85,Adventure,Kenji Misumi,Japan,18,,,0,0,https://s3.amazonaws.com/criterion-production/films/24eeb2dee1e42ab06aaed3c486f00939/CnXoyCADKyul3CulQ9MSBa4MeB9mZX_large.jpg
Lone Wolf and Cub: Baby Cart to Hades,1294,1972-09-02,89,Adventure,Kenji Misumi,Japan,18,,,0,0,https://image.tmdb.org/t/p/original/g0Nd1yc7FVQ6CPPgiQjPJEVEGSn.jpg
Lone Wolf and Cub: Baby Cart in Peril,1295,1972-11-01,81,Adventure,Buichi Saito,Japan,18,,,0,0,https://alchetron.com/cdn/Lone-Wolf-and-Cub-Baby-Cart-in-Peril-images-bef51c75-c067-4926-87f8-de488e75324.jpg
Lone Wolf and Cub: Baby Cart in the Land of Demons,1296,1973-08-11,89,Adventure,Kenji Misumi,Japan,18,,,0,0,https://m.media-amazon.com/images/M/MV5BNjc0MjUwMTUyMF5BMl5BanBnXkFtZTcwMjAwNTUyMQ@@._V1_FMjpg_UX1000_.jpg
Lone Wolf and Cub: White Heaven in Hell,1297,1974-04-24,84,Adventure,Yoshiyuki Kuroda,Japan,18,,,0,0,https://image.tmdb.org/t/p/original/eQBGXiVjj6vdVbIIHb0AsZPwvL3.jpg
Godzilla,1298,1954-11-03,96,Action,Ishiro Honda,Japan,PG,175000.0,,0,0,https://posterspy.com/wp-content/uploads/2020/01/Gozilla-Poster1_Joel-Jensen.jpg
King Kong vs. Godzilla,1299,1962-08-11,97,Action,Ishiro Honda,Japan,PG,200000.0,,0,0,https://www.themoviedb.org/t/p/original/51tAtnATqN9VizZDnCN0IdCQpXF.jpg
Mothra vs. Godzilla,1300,1964-04-29,88,Action,Ishiro Honda,Japan,PG,,,0,0,https://image.tmdb.org/t/p/original/avxUDXXfMQa5AIXpRpDXsyBh7UZ.jpg
District 13,1301,2004-11-10,86,Action,Pierre Morel,France,15,12000000.0,,0,0,https://c8.alamy.com/comp/2K5EERD/movie-poster-district-13-2004-2K5EERD.jpg
District 13: Ultimatum,1302,2009-02-18,106,Action,Patrick Alessandrin,France,15,13600000.0,14100000.0,0,0,https://www.themoviedb.org/t/p/original/8okAUSzfWiudSYMXLJYBnlcILcz.jpg
Taken,1303,2008-02-27,90,Thriller,Pierre Morel,France,18,22000000.0,226800000.0,0,0,https://www.themoviedb.org/t/p/original/5XtAWPHMlx9xrwk6c1RWORnHYAR.jpg
From Paris with Love,1304,2010-02-05,92,Thriller,Pierre Morel,France,15,52000000.0,52800000.0,0,0,http://www.impawards.com/2010/posters/from_paris_with_love_ver7.jpg
The Gunman,1305,2015-03-20,115,Thriller,Pierre Morel,United States,15,40000000.0,24200000.0,0,0,http://www.impawards.com/2015/posters/gunman_ver6.jpg
Mesrine Part 1: Killer Instinct,1306,2008-10-22,113,Crime,Jean-Francois Richet,France,15,,,0,0,https://img.goldposter.com/2021/12/mesrine-part-1-killer-instinct_poster_goldposter_com_28.jpg
Mesrine Part 2: Public Enemy Number 1,1307,2008-11-19,133,Crime,Jean-Francois Richet,France,15,,,0,0,https://img.moviepostershop.com/mesrine-part-2---public-enemy-1-movie-poster-2008-1020460240.jpg
Assault on Precinct 13,1308,2005-01-19,109,Thriller,Jean-Francois Richet,United States,15,30000000.0,35300000.0,0,0,http://www.impawards.com/2005/posters/assault_on_precinct_thirteen.jpg
A Prophet,1309,2009-05-16,155,Crime,Jacques Audiard,France,18,13000000.0,17900000.0,0,0,https://www.themoviedb.org/t/p/original/kLYMEwv8jhN8rmLJfMD75OHbWiN.jpg
Kung Fu Hustle,1310,2004-09-14,98,Martial Arts,Stephen Chow,Hong Kong,15,20000000.0,102000000.0,0,0,https://image.tmdb.org/t/p/original/18BmJuz8LgY5GyiRO6H16hN7iWP.jpg
This Is England,1311,2006-09-12,102,Drama,Shane Meadows,United Kingdom,18,3000000.0,10000000.0,0,0,http://www.impawards.com/2007/posters/this_is_england_xlg.jpg
A Room for Romeo Brass,1312,1999-08-23,90,Drama,Shane Meadows,United Kingdom,15,,,0,0,https://s3.amazonaws.com/static.rogerebert.com/uploads/movie/movie_poster/a-room-for-romeo-brass-2000/large_fx7ZwCCoGHGgaHDCJhm2xtHoLGG.jpg
Once Upon a Time in the Midlands,1313,2002-09-06,104,Romantic Comedy,Shane Meadows,United Kingdom,15,,,0,0,https://www.themoviedb.org/t/p/original/7bThGxIyCj53eW5chpBlYpkTD27.jpg
Dead Man's Shoes,1314,2004-10-01,90,Thriller,Shane Meadows,United Kingdom,18,1000000.0,,0,0,https://www.themoviedb.org/t/p/original/g9T7dCj0n7P53LtCMeHmfEAYirL.jpg
The League of Gentlemen's Apocalypse,1315,2005-06-03,92,Comedy,Steve Bendelack,United Kingdom,15,6000000.0,,0,0,http://www.impawards.com/2005/posters/league_of_gentlemens_apocalypse_ver2.jpg
Down Terrace,1316,2009-09-21,93,Crime,Ben Wheatley,United Kingdom,15,30000.0,,0,0,https://cdn.traileraddict.com/content/magnet-releasing/down_terrace.jpg
Kill List,1317,2011-03-12,95,Thriller,Ben Wheatley,United Kingdom,18,800000.0,462206.0,0,0,http://thefilmstage.com/wp-content/uploads/2014/11/Kill-List-poster.jpg
Sightseers,1318,2012-05-23,85,Comedy,Ben Wheatley,United Kingdom,15,,2101166.0,0,0,http://www.dvdsreleasedates.com/posters/800/S/Sightseers-2013-movie-poster.jpg
A Field in England,1319,2013-07-05,91,Thriller,Ben Wheatley,United Kingdom,15,500000.0,,0,0,https://cdn.posteritati.com/posters/000/000/065/017/a-field-in-england-md-web.jpg
High-Rise,1320,2015-09-13,119,Science Fiction,Ben Wheatley,United Kingdom,15,8000000.0,3900000.0,0,0,http://art-meets-world.com/wp-content/uploads/2016/05/high-rise-movie-poster.jpg
Free Fire,1321,2016-09-08,90,Comedy,Ben Wheatley,United Kingdom,Unknown,,,0,0,https://cdn.traileraddict.com/content/a24/free-fire-poster-12.jpg
Momentum,1322,2015-10-16,96,Thriller,Stephen Campanelli,South Africa,15,20000000.0,,0,0,https://www.aceshowbiz.com/images/still/momentum-poster02.jpg
District 9,1323,2009-08-13,112,Science Fiction,Neill Blomkamp,South Africa,15,30000000.0,210800000.0,4,0,https://cdn.shopify.com/s/files/1/0037/8008/3782/products/district_9_advance_no_humans_style_BM13768_B-612164.jpg?v=1632240612
Elysium,1324,2013-08-07,109,Science Fiction,Neill Blomkamp,United States,15,115000000.0,286100000.0,0,0,https://www.filmofilia.com/wp-content/uploads/2013/06/Elysium-Poster.jpg
Chappie,1325,2015-03-04,120,Science Fiction,Neill Blomkamp,United States,15,49000000.0,102100000.0,0,0,https://image.tmdb.org/t/p/original/gsK6BmtR7OVGA0kUH76xCW7QneI.jpg
Slumdog Millionaire,1326,2008-08-30,120,Drama,Danny Boyle,United Kingdom,15,15000000.0,377900000.0,10,8,http://www.impawards.com/2008/posters/slumdog_millionaire_ver2_xlg.jpg
The Best Exotic Marigold Hotel,1327,2011-11-30,124,Comedy,John Madden,United Kingdom,12A,10000000.0,136800000.0,0,0,http://static.rogerebert.com/uploads/movie/movie_poster/the-best-exotic-marigold-hotel-2012/large_qt5EvcxytiRQD6lnBqr2j0GK0a5.jpg
The Second Best Exotic Marigold Hotel,1328,2015-02-26,122,Comedy,John Madden,United Kingdom,PG,10000000.0,86000000.0,0,0,https://image.tmdb.org/t/p/original/aDZweK1vwWoP9LKcUY8I2lenoND.jpg
John Carter,1329,2012-03-07,132,Science Fiction,Andrew Stanton,United States,12A,350000000.0,284100000.0,0,0,https://wallpapers.com/images/hd/john-carter-movie-poster-ynoeflwqay2oh58r.jpg
Ironclad,1330,2011-03-04,121,History,Jonathan English,United Kingdom,15,25000000.0,,0,0,http://www.impawards.com/2011/posters/ironclad_xlg.jpg
Solomon Kane,1331,2009-12-23,104,Adventure,Michael J. Bassett,France,15,40000000.0,19400000.0,0,0,http://www.freemovieposters.net/posters/solomon_kane_2009_3182_poster.jpg
A Knight's Tale,1332,2001-05-11,132,Adventure,Brian Helgeland,United States,PG,65000000.0,117500000.0,0,0,http://www.impawards.com/2001/posters/knights_tale_xxlg.jpg
Shallow Grave,1333,1994-05-17,92,Crime,Danny Boyle,United Kingdom,18,2500000.0,19800000.0,0,0,https://www.themoviedb.org/t/p/original/5t0mGiFlj5GBrZ7ggvvkMdFJ7fV.jpg
A Life Less Ordinary,1334,1997-10-24,103,Comedy,Danny Boyle,United Kingdom,15,12000000.0,4366722.0,0,0,http://www.impawards.com/1997/posters/life_less_ordinary.jpg
28 Weeks Later,1335,2007-04-26,100,Horror,Juan Carlos Fresnadillo,United Kingdom,18,15000000.0,64200000.0,0,0,https://static1.moviewebimages.com/wordpress/wp-content/uploads/sharedimages/2024/04/28-weeks-later-movie-poster.jpg
127 Hours,1336,2010-09-04,93,Biography,Danny Boyle,United Kingdom,15,18000000.0,60700000.0,6,0,https://www.themoviedb.org/t/p/original/vU1X1zIn4dzCU14TsWYjuhGXa35.jpg
Trance,1337,2013-03-19,101,Crime,Danny Boyle,United Kingdom,15,20000000.0,24300000.0,0,0,https://mir-s3-cdn-cf.behance.net/project_modules/disp/3f772190827769.5e21560d309da.jpg
Steve Jobs,1338,2015-09-05,122,Biography,Danny Boyle,United States,15,30000000.0,34400000.0,2,0,https://images.fandango.com/ImageRenderer/0/0/redesign/static/img/default_poster.png/0/images/masterrepository/Fandango/181439/stevejobs.jpg
Life of Pi,1339,2012-09-28,127,Adventure,Ang Lee,United States,PG,120000000.0,609000000.0,11,4,https://www.themoviedb.org/t/p/original/6Wr9iTh6bJPGrwBbOi4YQEm1Y1h.jpg
Terminator Genisys,1340,2015-06-22,126,Science Fiction,Alan Taylor,United States,12A,155000000.0,440600000.0,0,0,https://image.tmdb.org/t/p/original/vvlNR34aejOLZkz7fXkkbKyBj5p.jpg
Maggie,1341,2015-04-22,95,Horror,Henry Hobson,United States,15,4500000.0,1400000.0,0,0,https://static1.showtimes.com/poster/660x980/maggie-6066.jpg
Sabotage,1342,2014-03-19,109,Crime,David Ayer,United States,15,35000000.0,18400000.0,0,0,http://www.impawards.com/2014/posters/sabotage_ver6_xlg.jpg
Escape Plan,1343,2013-10-09,115,Action,Mikael Hafstrom,United States,15,50000000.0,137300000.0,0,0,http://www.filmofilia.com/wp-content/uploads/2013/08/ESCAPE-PLAN-Poster-01.jpg
The Last Stand,1344,2013-01-18,107,Action,Kim Jee-woon,United States,15,45000000.0,48300000.0,0,0,http://www.impawards.com/2013/posters/last_stand_ver2.jpg
Terminator Salvation,1345,2009-05-21,115,Science Fiction,McG,United States,12A,200000000.0,371400000.0,0,0,https://image.tmdb.org/t/p/original/sO4yklLFHQTuM0gEZ6SWWho886N.jpg
Collateral Damage,1346,2002-02-04,108,Action,Andrew Davis,United States,15,85000000.0,78300000.0,0,0,https://www.themoviedb.org/t/p/original/uyzgI1jqMjQMzbjhMrWvWHd76Ua.jpg
The 6th Day,1347,2000-10-28,124,Science Fiction,Roger Spottiswoode,United States,15,82000000.0,96100000.0,0,0,https://www.themoviedb.org/t/p/original/fmCvpvppyW0X0Px2DFPs4quOTb2.jpg
End of Days,1348,1999-11-16,123,Horror,Peter Hyams,United States,18,100000000.0,212000000.0,0,0,https://i.pinimg.com/originals/78/3f/6e/783f6e4c35e0d0fcec364231b457aa4c.jpg
Batman & Robin,1349,1997-06-20,125,Action,Joel Schumacher,United States,PG,140000000.0,238200000.0,0,0,https://image.tmdb.org/t/p/original/fzHrSg6yGpci21FVBVVgzBeANtY.jpg
Jingle All the Way,1350,1996-11-16,89,Family,Brian Levant,United States,PG,75000000.0,129800000.0,0,0,https://www.themoviedb.org/t/p/original/6QLkeLXPIxiihuX5enHHNEuCCzy.jpg
Junior,1351,1994-11-23,109,Comedy,Ivan Reitman,United States,PG,60000000.0,108400000.0,1,0,http://www.impawards.com/1994/posters/junior.jpg
Total Recall,1352,2012-08-03,118,Science Fiction,Len Wiseman,United States,12A,125000000.0,198500000.0,0,0,https://image.tmdb.org/t/p/original/hvhAcC5m5THitjb5az5JS8S3mwu.jpg
True Grit,1353,2010-12-22,110,Western,Joel Coen,United States,15,38000000.0,252300000.0,10,0,http://www.impawards.com/2010/posters/true_grit_ver8_xlg.jpg
Red Heat,1354,1988-06-14,103,Action,Walter Hill,United States,18,29000000.0,35000000.0,0,0,https://www.themoviedb.org/t/p/original/AoJTHXmO01EZgT0p1YTsGBEQxLj.jpg
Predator,1355,1987-06-12,107,Science Fiction,John McTiernan,United States,18,18000000.0,98300000.0,1,0,https://i.pinimg.com/originals/d4/b8/52/d4b8529b030466a4549bf271ff5873d7.jpg
Raw Deal,1356,1986-06-06,107,Action,John Irvin,United States,18,11000000.0,18100000.0,0,0,https://www.allaboutmovies.com.au/media/k2/items/cache/2ce8dfc21db2ac4bd91fe607d805ce97_XL.jpg
Commando,1357,1985-10-04,90,Action,Mark L. Lester,United States,18,10000000.0,57500000.0,0,0,https://www.themoviedb.org/t/p/original/ollPAAAgZ7euU8VisfqU3cuXhZ6.jpg
X-Men: The Last Stand,1358,2006-05-25,104,Action,Brett Ratner,United States,12A,210000000.0,459400000.0,0,0,No image found
Red Sonja,1359,1985-07-03,89,Fantasy,Richard Fleischer,Netherlands,15,17900000.0,6900000.0,0,0,https://www.allaboutmovies.com.au/media/k2/items/cache/f2f3aa5fdcc1313ef9fb0dc2167336a2_XL.jpg
Conan the Destroyer,1360,1984-06-29,101,Fantasy,Richard Fleischer,United States,15,18000000.0,100000000.0,0,0,https://i.etsystatic.com/22919307/r/il/56d8a6/2332592197/il_1140xN.2332592197_69w7.jpg
Conan the Barbarian,1361,1982-03-16,129,Fantasy,John Milius,United States,15,16000000.0,130000000.0,0,0,https://i.etsystatic.com/22919307/r/il/c5d291/2332585457/il_fullxfull.2332585457_hmd5.jpg
Conan the Barbarian,1362,2011-08-11,113,Fantasy,Marcus Nispel,United States,15,90000000.0,48800000.0,0,0,https://www.vintagemovieposters.co.uk/wp-content/uploads/2020/10/IMG_0328-1024x762.jpeg
Pumping Iron,1363,1977-01-18,85,Documentary,George Butler,United States,12,1000000.0,,0,0,https://www.themoviedb.org/t/p/original/msmMGsgnFrDIovbd7b6veWvvAmy.jpg
Hercules in New York,1364,1969-12-16,91,Comedy,Arthur Allan Seidelman,United States,PG,,,0,0,https://www.themoviedb.org/t/p/original/2Rad0CXcWSyjp6vidmz08QriYNZ.jpg
3 Days to Kill,1365,2014-02-12,117,Thriller,McG,France,12A,28000000.0,52600000.0,0,0,https://www.themoviedb.org/t/p/original/sliYPOgeUuf62qktgXbfMBmYvj1.jpg
This Means War,1366,2012-02-17,97,Action,McG,United States,12A,65000000.0,156500000.0,0,0,http://images5.fanpop.com/image/photos/30800000/This-Means-War-Poster-this-means-war-30830216-1441-2000.jpg
We Are Marshall,1367,2006-12-22,131,Drama,McG,United States,PG,65000000.0,43500000.0,0,0,https://www.themoviedb.org/t/p/original/5PSiExbg6Fm8MiPJOikBCOcZFnd.jpg
X-Men: First Class,1368,2011-05-25,132,Action,Matthew Vaughn,United States,12A,160000000.0,353600000.0,0,0,https://image.tmdb.org/t/p/original/A7w67PGWyvK4BX3Y9Sc52gpKwnD.jpg
Charlie's Angels,1369,2000-11-03,98,Action,McG,United States,15,90000000.0,264100000.0,0,0,https://www.themoviedb.org/t/p/original/6On6XGTrTbrDrijbL3mCT0PdwlS.jpg
Charlie's Angels: Full Throttle,1370,2003-06-27,106,Action,McG,United States,12A,120000000.0,259100000.0,0,0,https://www.themoviedb.org/t/p/original/xiGntdllDT8emZYsBbISCA4cBuN.jpg
Kingsman: The Secret Service,1371,2014-12-13,129,Action,Matthew Vaughn,United Kingdom,15,94000000.0,414400000.0,0,0,https://www.themoviedb.org/t/p/original/rokLvjz9iUWXNLTr9hoxwoNOky.jpg
Kick-Ass,1372,2010-03-26,117,Action,Matthew Vaughn,United Kingdom,15,30000000.0,96200000.0,0,0,https://collider.com/wp-content/uploads/kick-ass-final-movie-poster.jpg
Stardust,1373,2007-08-10,127,Fantasy,Matthew Vaughn,United Kingdom,PG,88500000.0,135600000.0,0,0,https://vignette.wikia.nocookie.net/stardust/images/4/47/Stardust_Movie_Poster.jpg/revision/latest/scale-to-width-down/2000?cb=20200303214816
Layer Cake,1374,2004-10-01,105,Crime,Matthew Vaughn,United Kingdom,15,6500000.0,11900000.0,0,0,https://www.themoviedb.org/t/p/original/pVVtSzmsapCFgRXCzRtGLnR8Ph9.jpg
Underworld,1375,2003-09-19,121,Action,Len Wiseman,United Kingdom,15,22000000.0,95700000.0,0,0,https://image.tmdb.org/t/p/original/mo9pmaXlgmmGbUGUC5BoqTgpzB6.jpg
Underworld: Evolution,1376,2006-01-20,106,Action,Len Wiseman,United Kingdom,18,45000000.0,111300000.0,0,0,https://image.tmdb.org/t/p/original/kjSGpTNFacBslcXEkhOizBK9m2u.jpg
For a Few Dollars More,1377,1965-11-18,132,Western,Sergio Leone,Italy,15,600000.0,15000000.0,0,0,https://i.etsystatic.com/20343000/r/il/2b9493/1897397440/il_794xN.1897397440_cjbd.jpg
Once Upon a Time in the West,1378,1968-12-21,165,Western,Sergio Leone,Italy,15,5000000.0,5321500.0,0,0,https://posterspy.com/wp-content/uploads/2020/07/OnceUponWestWyv01.jpg
Once Upon a Time in America,1379,1984-05-23,229,Crime,Sergio Leone,United States,18,30000000.0,5300000.0,0,0,http://www.impawards.com/1984/posters/once_upon_a_time_in_america_ver5_xxlg.jpg
Underworld: Rise of the Lycans,1380,2009-01-23,92,Action,Patrick Tatopoulos,United States,18,35000000.0,91300000.0,0,0,https://www.themoviedb.org/t/p/original/yzK6OgQI1jgrOoccNH6H8QqnbPt.jpg
Underworld: Awakening,1381,2012-01-20,89,Action,Mans Marlind,United States,18,70000000.0,160000000.0,0,0,https://www.themoviedb.org/t/p/original/3JG9vidTFHSv2pHhlIJuVq6R6DG.jpg
Underworld: Blood Wars,1382,2016-11-24,91,Action,Anna Foerster,United States,15,,,0,0,https://cdn.traileraddict.com/content/screen-gems/underworld-blood-wars-poster-7.jpg
Stargate,1383,1994-10-28,128,Science Fiction,Roland Emmerich,United States,PG,55000000.0,196600000.0,0,0,https://www.alamy.com/aggregator-api/download?url=https://c8.alamy.com/comp/R59J2R/stargate-original-movie-poster-R59J2R.jpg
Under Siege,1384,1992-10-09,103,Action,Andrew Davis,United States,15,35000000.0,156600000.0,2,0,http://www.impawards.com/1992/posters/under_siege_xxlg.jpg
Bridge of Spies,1385,2015-10-04,141,Thriller,Steven Spielberg,United States,12A,40000000.0,165500000.0,6,1,https://www.wallpaperflare.com/static/273/133/215/bridge-of-spies-tom-hanks-james-donovan-tom-wallpaper.jpg
Duel,1386,1971-11-13,89,Thriller,Steven Spielberg,United States,PG,450000.0,,0,0,https://www.vintagemovieposters.co.uk/wp-content/uploads/2018/08/IMG_6814.jpg
Empire of the Sun,1387,1987-12-11,154,War,Steven Spielberg,United States,PG,35000000.0,66700000.0,6,0,http://cdn.shopify.com/s/files/1/1057/4964/products/Empire-of-the-Sun-Vintage-Movie-Poster-Original-1-Sheet-27x41-3925.jpg?v=1655960421
Amistad,1388,1997-12-10,154,History,Steven Spielberg,United States,15,36000000.0,44200000.0,4,0,https://i5.walmartimages.com/asr/98468756-e432-4c88-93d2-d84e5937d23d_1.e4b9bfa8a5e8ee12c47db581e94307e9.jpeg
A.I. Artificial Intelligence,1389,2001-06-29,146,Science Fiction,Steven Spielberg,United States,12,100000000.0,235900000.0,2,0,http://www.impawards.com/2001/posters/ai_artificial_intelligence_ver4_xlg.jpg
Catch Me If You Can,1390,2002-12-25,141,Biography,Steven Spielberg,United States,12A,52000000.0,352100000.0,2,0,https://www.wallpaperflare.com/static/659/868/910/catch-me-if-you-can-leonardo-dicaprio-frank-abagnale-tom-hanks-wallpaper.jpg
The Terminal,1391,2004-06-18,128,Comedy,Steven Spielberg,United States,12A,60000000.0,219400000.0,0,0,https://www.originalfilmart.com/cdn/shop/products/Terminal_2004_original_film_art_1200x.jpg?v=1602086404
Lincoln,1392,2012-10-08,150,Biography,Steven Spielberg,United States,12A,65000000.0,275300000.0,12,2,http://cdn.collider.com/wp-content/uploads/lincoln-movie-poster.jpg
Abraham Lincoln: Vampire Hunter,1393,2012-06-18,105,History,Timur Bekmambetov,United States,15,99500000.0,116400000.0,0,0,http://collider.com/wp-content/uploads/abraham-lincoln-vampire-hunter-movie-poster-lenticular-teaser-night.jpg
The BFG,1394,2016-05-14,117,Family,Steven Spielberg,United States,PG,140000000.0,178000000.0,0,0,https://image.tmdb.org/t/p/original/ny2mbM6krh6C63TiV8e33eF3Gcd.jpg
Day Watch,1395,2006-01-01,131,Fantasy,Timur Bekmambetov,Russia,15,4200000.0,38860000.0,0,0,https://www.themoviedb.org/t/p/original/9xTfqDmypCZFmyY23OP2dSZmcfp.jpg
Unbroken,1396,2014-11-17,137,Biography,Angelina Jolie,United States,15,65000000.0,163400000.0,3,0,https://c8.alamy.com/comp/R2HREM/unbroken-year-2014-usa-director-angelina-jolie-jack-oconnell-movie-poster-fr-R2HREM.jpg
Inside Llewyn Davis,1397,2013-05-19,105,Drama,Joel Coen,United States,15,11000000.0,32900000.0,2,0,https://image.tmdb.org/t/p/original/cjiE3mMvDSYqVBh1iTmPs3RNY3x.jpg
Burn After Reading,1398,2008-08-27,96,Comedy,Joel Coen,United States,15,,,0,0,https://www.themoviedb.org/t/p/original/rVevFipuesBNcgRO2Yf1I8qg6Ba.jpg
No Country for Old Men,1399,2007-05-19,122,Crime,Joel Coen,,15,25000000.0,171600000.0,8,4,https://www.themoviedb.org/t/p/original/9oikl0CiefCKJXl9yuy9Yq8E9Z.jpg
The Ladykillers,1400,2004-03-26,104,Comedy,Joel Coen,United States,15,35000000.0,76700000.0,0,0,https://www.themoviedb.org/t/p/original/jEaEghD0JxNQZ7ei1PIa7OImQXX.jpg
The Ladykillers,1401,1955-12-08,97,Comedy,Alexander Mackendrick,United Kingdom,U,,,1,0,https://www.themoviedb.org/t/p/original/jEaEghD0JxNQZ7ei1PIa7OImQXX.jpg
The Big Lebowski,1402,1998-03-06,117,Comedy,Joel Coen,United States,18,15000000.0,46200000.0,0,0,https://www.bestmovieposters.co.uk/wp-content/uploads/2019/01/Dn3jQc2Q.jpeg
Miller's Crossing,1403,1990-09-21,115,Crime,Joel Coen,United States,18,14000000.0,5080000.0,0,0,https://image.tmdb.org/t/p/original/mFtbS1x8TvIDmDhSndf1jwNmLg4.jpg
Outland,1404,1981-05-22,109,Science Fiction,Peter Hyams,United Kingdom,15,16000000.0,20000000.0,1,0,http://www.pastposters.com/cw3/assets/product_expanded/JamieF-SAS/outland-cinema-quad-movie-poster-(1).jpg
Outlander,1405,2008-07-11,115,Science Fiction,Howard McCain,United States,15,47000000.0,7033000.0,0,0,http://www.impawards.com/2009/posters/outlander_ver5.jpg
Timecop,1406,1994-09-16,98,Science Fiction,Peter Hyams,United States,18,27000000.0,101646581.0,0,0,https://www.originalfilmart.com/cdn/shop/products/Timecop_1994_original_film_art_1200x.jpg?v=1610597583
Kung Fu Panda 3,1407,2016-01-23,95,Animation,Jennifer Yuh Nelson,United States,PG,145000000.0,519900000.0,0,0,https://www.themoviedb.org/t/p/original/vqHsSYIof8UHoOGCzEqGg89Zbtj.jpg
Universal Soldier,1408,1992-07-10,102,Science Fiction,Roland Emmerich,United States,18,23000000.0,36300000.0,0,0,https://www.vintagemovieposters.co.uk/wp-content/uploads/2023/02/IMG_0943-scaled.jpeg
Double Impact,1409,1991-08-09,107,Action,Sheldon Lettich,United States,18,18000000.0,80500000.0,0,0,https://www.themoviedb.org/t/p/original/ewuyg6YdFUjYLcQ4VhmGzsExhaL.jpg
Death Warrant,1410,1990-09-14,89,Action,Deran Sarafian,United States,18,6000000.0,46700000.0,0,0,https://cdn.traileraddict.com/content/mgm/death-warrant.jpg
Kickboxer,1411,1989-09-08,103,Martial Arts,Mark DiSalle,United States,18,2700000.0,14700000.0,0,0,https://image.tmdb.org/t/p/original/fUudhrs3HaJEtWpvgwdvjSlE5FS.jpg
Cyborg,1412,1989-04-07,82,Science Fiction,Albert Pyun,United States,18,500000.0,10200000.0,0,0,https://xl.movieposterdb.com/21_03/1989/97138/xl_97138_8f418ab1.jpg
Bloodsport,1413,1988-02-26,92,Martial Arts,Newt Arnold,United States,18,2300000.0,65000000.0,0,0,https://image.tmdb.org/t/p/original/mDNqZTOMeN9QHeQLMDfFZuVEPuv.jpg
Brooklyn's Finest,1414,2009-01-16,132,Crime,Antoine Fuqua,United States,18,17000000.0,36400000.0,0,0,http://www.impawards.com/2010/posters/brooklyns_finest_xlg.jpg
Full Metal Jacket,1415,1987-06-17,116,War,Stanley Kubrick,United Kingdom,15,30000000.0,46400000.0,1,0,https://i.pinimg.com/originals/2f/33/51/2f33518eef4186a6be4bb365eb5c744d.jpg
Eyes Wide Shut,1416,1999-07-16,159,Drama,Stanley Kubrick,United Kingdom,18,65000000.0,162100000.0,0,0,https://cdn.shopify.com/s/files/1/1057/4964/products/Eyes-Wide-Shut-Vintage-Movie-Poster-Original-1-Sheet-27x41-4983_1600x.progressive.jpg?v=1657659716
The Shining,1417,1980-05-23,146,Horror,Stanley Kubrick,United Kingdom,18,19000000.0,44400000.0,0,0,https://www.vintagemovieposters.co.uk/wp-content/uploads/2016/05/IMG_1550-scaled.jpeg
Dr. Strangelove or: How I Learned to Stop Worrying and Love the Bomb,1418,1964-01-29,94,Comedy,Stanley Kubrick,United Kingdom,PG,1800000.0,9400000.0,4,0,https://www.themoviedb.org/t/p/original/3clod4q8qkgU7pyOmZ7Re0G7GDc.jpg
Paths of Glory,1419,1957-12-25,88,War,Stanley Kubrick,United States,PG,900000.0,,0,0,https://s3.amazonaws.com/criterion-production/films/4da269635a13e714b4021c37b5757fc9/N9wFOGE7IhMyxv0TF5tvzn9bXA6hJ1_large.jpg
The Treasure of the Sierra Madre,1420,1948-01-06,126,Western,John Huston,United States,PG,3000000.0,4307000.0,4,3,https://image.tmdb.org/t/p/original/qvExr87oqKHvNiFRK5VqDoZrS5D.jpg
Key Largo,1421,1948-07-16,101,Crime,John Huston,United States,PG,,3250000.0,1,1,http://www.impawards.com/1948/posters/key_largo_xlg.jpg
The Unforgiven,1422,1960-04-06,125,Western,John Huston,United States,PG,5000000.0,3200000.0,0,0,https://www.themoviedb.org/t/p/original/9085eJIHF1LqoKgGWK74Z3dxXpo.jpg
Unforgiven,1423,1992-08-03,131,Western,Clint Eastwood,United States,15,14400000.0,159200000.0,9,4,http://2.bp.blogspot.com/-WImzZmrDVek/T3GkL42YGTI/AAAAAAAABW0/BtopLnZFO0k/s1600/Unforgiven_poster.jpg
The Big Sleep,1424,1946-08-23,116,Crime,Howard Hawks,United States,PG,,3000000.0,0,0,https://www.vintagemovieposters.co.uk/wp-content/uploads/2020/04/IMG_4327-scaled.jpeg
A Fistful of Dynamite,1425,1971-10-29,157,Western,Sergio Leone,Italy,15,,,0,0,https://i.pinimg.com/originals/fa/24/89/fa2489a8b91f83d592790915a4cdb153.jpg
To Have and Have Not,1426,1944-10-11,100,Romance,Howard Hawks,United States,PG,,3650000.0,0,0,https://i.pinimg.com/originals/d3/58/cd/d358cda58fbb077e0baa7db4a210534f.jpg
Murder on the Orient Express,1427,1974-11-24,131,Crime,Sidney Lumet,United Kingdom,PG,2500000.0,30000000.0,6,1,https://www.themoviedb.org/t/p/original/rDAD6C0J48liXaVK11jamdKAatE.jpg
The Shootist,1428,1976-08-20,100,Western,Don Siegel,United States,PG,,13406000.0,1,0,http://www.impawards.com/1976/posters/shootist_xlg.jpg
Flash Gordon,1429,1980-12-05,114,Science Fiction,Mike Hodges,United Kingdom,PG,20000000.0,27100000.0,0,0,https://image.tmdb.org/t/p/original/lCNKMxy7P0QGm8l2KYWuXxMfeqD.jpg
Unforgiven,1430,2013-09-06,135,Western,Lee Sang-il,Japan,15,,,0,0,http://2.bp.blogspot.com/-WImzZmrDVek/T3GkL42YGTI/AAAAAAAABW0/BtopLnZFO0k/s1600/Unforgiven_poster.jpg
Hang 'Em High,1431,1968-08-03,114,Western,Ted Post,United States,18,1600000.0,6800000.0,0,0,http://www.doctormacro.com/Images/Posters/H/Poster+-+Hang+'Em+High_01.jpg
Coogan's Bluff,1432,1968-10-02,93,Action,Don Siegel,United States,15,1500000.0,3110000.0,0,0,https://www.themoviedb.org/t/p/original/gj9sMpNWWsrBnHQBfmjPcmKFlMt.jpg
Where Eagles Dare,1433,1968-12-04,155,War,Brian G. Hutton,United Kingdom,PG,7700000.0,21000000.0,0,0,https://cdn.shopify.com/s/files/1/1057/4964/products/where-eagles-dare-vintage-movie-poster-original-1-sheet-27x41-5465.jpg?v=1534409909
Kelly's Heroes,1434,1970-06-23,146,War,Brian G. Hutton,United States,PG,4000000.0,5200000.0,0,0,https://d3tudoxwnizvk7.cloudfront.net/gallery-jpeg/kellys_heroes_posterlarge_0-975401617.jpg
The Outlaw Josey Wales,1436,1976-06-30,135,Western,Clint Eastwood,United States,18,3700000.0,31800000.0,1,0,https://image.tmdb.org/t/p/original/vsTVnRYi49spedvn47kD9SoxgwA.jpg
Heartbreak Ridge,1437,1986-12-05,130,War,Clint Eastwood,United States,15,15000000.0,121700000.0,1,0,http://www.impawards.com/1986/posters/heartbreak_ridge_ver1_xxlg.jpg
The Dead Pool,1438,1988-07-13,91,Thriller,Buddy Van Horn,United States,18,31000000.0,37903000.0,0,0,https://www.themoviedb.org/t/p/original/mqwGpW0Ptrvz1GmfCnLAOA4cQ8g.jpg
Space Cowboys,1439,2000-08-01,130,Thriller,Clint Eastwood,United States,PG,60000000.0,128900000.0,1,0,https://image.tmdb.org/t/p/original/pEYuFVM7ebnDjzAcCKCOI9cuKXk.jpg
Gran Torino,1440,2008-12-12,116,Drama,Clint Eastwood,United States,15,33000000.0,270000000.0,0,0,https://xl.movieposterdb.com/09_01/2008/1205489/xl_1205489_9b9b7af9.jpg
Invictus,1441,2009-12-11,133,Sport,Clint Eastwood,United States,12A,60000000.0,122200000.0,0,0,https://www.themoviedb.org/t/p/original/6YnJ8WwxuTRpWGlfsKjzPqnXUHt.jpg
American Sniper,1442,2014-11-11,132,Biography,Clint Eastwood,United States,15,58800000.0,547400000.0,6,1,https://mir-s3-cdn-cf.behance.net/project_modules/max_1200/8862dd38001031.5752d6fd59dc7.jpg
Sully,1443,2016-09-02,96,Biography,Clint Eastwood,United States,12A,60000000.0,200700000.0,0,0,https://www.themoviedb.org/t/p/original/4vs83YcJ8TsabADDtaeCJ6ZTjYY.jpg
J. Edgar,1444,2011-11-03,137,Biography,Clint Eastwood,United States,15,35000000.0,84600000.0,0,0,https://www.themoviedb.org/t/p/original/boy5SdnoMg8mi37AZKaNTG9sYJd.jpg
Changeling,1445,2008-10-24,141,Biography,Clint Eastwood,United States,15,55000000.0,113000000.0,3,0,http://www.freemovieposters.net/posters/changeling_2008_3540_poster.jpg
Blade: Trinity,1446,2004-12-08,113,Action,David S. Goyer,United States,15,65000000.0,128900000.0,0,0,https://www.themoviedb.org/t/p/original/sdD7x8bV3dD3Dh92UdZrZTaeH1t.jpg
U.S. Marshals,1447,1998-03-06,131,Thriller,Stuart Baird,United States,15,45000000.0,102400000.0,0,0,https://irs.www.warnerbros.com/gallery-jpeg/us_marshals_posterlarge_0-689492029.jpg
Drop Zone,1448,1994-12-09,101,Action,John Badham,United States,15,45000000.0,28735000.0,0,0,https://image.tmdb.org/t/p/original/yrW50JpQ3fi4qSR3vpjs4i37mZq.jpg
Demolition Man,1449,1993-10-08,115,Action,Marco Brambilla,United States,15,57000000.0,159100000.0,0,0,https://d3tudoxwnizvk7.cloudfront.net/gallery-jpeg/demolition_man_posterlarge_0-993466336.jpg
Passenger 57,1450,1992-11-06,84,Action,Kevin Hooks,United States,15,15000000.0,44065000.0,0,0,http://www.impawards.com/1992/posters/passenger_fifty_seven.jpg
The Princess Bride,1451,1987-09-25,98,Fantasy,Rob Reiner,United States,PG,16000000.0,30900000.0,1,0,https://i.pinimg.com/originals/e2/0b/84/e20b843492a3a2bdb65328b210217186.jpg
The Long Riders,1452,1980-05-16,99,Western,Walter Hill,United States,18,8000000.0,15795000.0,0,0,https://www.mauvais-genres.com/24856-thickbox_default/the-long-riders-original-movie-poster-15x21-in-1980-walter-hill-david-carradine.jpg
The Wild Bunch,1453,1969-06-18,143,Western,Sam Peckinpah,United States,18,6000000.0,11138000.0,2,0,https://cdn.shopify.com/s/files/1/1057/4964/products/the-wild-bunch-vintage-movie-poster-original-21x22-4329.jpg?v=1534403528
American History X,1454,1998-10-30,119,Drama,Tony Kaye,United States,18,20000000.0,23900000.0,1,0,https://i.etsystatic.com/22919307/r/il/4e9b09/3490316896/il_fullxfull.3490316896_mtp9.jpg
Convoy,1455,1978-06-28,112,Action,Sam Peckinpah,United States,15,12000000.0,45000000.0,0,0,https://thumbs.worthpoint.com/zoom/images1/1/0117/31/original-1978-convoy-movie-poster-14_1_4d6dd2073abe0259f34280b43cb25385.jpg
Cross of Iron,1456,1977-01-28,133,War,Sam Peckinpah,United Kingdom,18,6000000.0,,0,0,https://cafans.b-cdn.net/images/Category_1865/subcat_174936/XfZgGAFu_1104171008371gpaiadd.jpg
The Getaway,1457,1972-12-13,122,Crime,Sam Peckinpah,United States,18,3350000.0,36734000.0,0,0,https://www.vintagemovieposters.co.uk/wp-content/uploads/2021/05/IMG_2102-scaled.jpeg
Straw Dogs,1458,1971-12-29,117,Thriller,Sam Peckinpah,United States,18,2200000.0,8000000.0,1,0,https://www.vintagemovieposters.co.uk/wp-content/uploads/2017/08/IMG_7630.jpg
Judgment at Nuremberg,1459,1961-12-19,179,Drama,Stanley Kramer,United States,PG,3000000.0,10000000.0,11,2,https://cdn.shopify.com/s/files/1/0747/3829/products/HP3200_c5f751a5-610a-4711-b723-c977f3fe2dad_1024x1024.jpg?v=1571445156
The Great Escape,1460,1963-06-20,172,War,John Sturges,United States,PG,3800000.0,11744000.0,1,0,https://c8.alamy.com/comp/PXNB15/the-great-escape-original-movie-poster-PXNB15.jpg
Zulu,1461,1964-01-22,139,History,Cy Endfield,United Kingdom,PG,3500000.0,8000000.0,0,0,https://www.themoviedb.org/t/p/original/9V7tl1kIb67ZPRRNlUdy3JvqEiA.jpg
Lucky Number Slevin,1462,2006-02-24,110,Crime,Paul McGuigan,Germany,18,27000000.0,56300000.0,0,0,https://www.themoviedb.org/t/p/original/x21s3p5wPww534nYj1cWakTcqz4.jpg
Star Trek Beyond,1463,2016-07-07,122,Science Fiction,Justin Lin,United States,12A,185000000.0,343500000.0,0,0,https://www.themoviedb.org/t/p/original/cnQp8GmOWahIgQaH60Kwez3TNzw.jpg
Star Trek Into Darkness,1464,2013-04-23,133,Science Fiction,J. J. Abrams,United States,12,185000000.0,467400000.0,1,0,https://www.themoviedb.org/t/p/original/bU54QrnwvYsRJ3vzuns8GLKLixC.jpg
Star Trek,1465,2009-04-07,127,Science Fiction,J. J. Abrams,United States,12,150000000.0,385700000.0,4,1,https://www.themoviedb.org/t/p/original/9vaRPXj44Q2meHgt3VVfQufiHOJ.jpg
RoboCop,1466,1987-07-17,101,Science Fiction,Paul Verhoeven,United States,18,13000000.0,53400000.0,2,0,https://orig00.deviantart.net/ecf3/f/2012/237/7/a/robocop__1987_movie_poster_by_lelmer77-d5cdbn2.jpg
RoboCop,1467,2014-02-12,118,Science Fiction,Jose Padilha,United States,12A,100000000.0,242700000.0,0,0,https://orig00.deviantart.net/ecf3/f/2012/237/7/a/robocop__1987_movie_poster_by_lelmer77-d5cdbn2.jpg
Clerks,1468,1994-10-19,92,Comedy,Kevin Smith,United States,18,230000.0,3200000.0,0,0,https://cdn11.bigcommerce.com/s-yzgoj/images/stencil/1280x1280/products/2854692/5971952/MOVAB20980__93423.1679613069.jpg?c=2
Mallrats,1469,1995-10-20,94,Comedy,Kevin Smith,United States,18,6100000.0,22100000.0,0,0,https://www.themoviedb.org/t/p/original/kNm0AQFIc4nlzCd8Nqvbb5gccAV.jpg
Chasing Amy,1470,1997-04-04,113,Romantic Comedy,Kevin Smith,United States,18,250000.0,12000000.0,0,0,https://c8.alamy.com/comp/BKG561/chasing-amy-1997-poster-camy-BKG561.jpg
Dogma,1471,1999-05-21,128,Comedy,Kevin Smith,United States,15,10000000.0,31400000.0,0,0,https://i.etsystatic.com/26593283/r/il/8caff4/2934992741/il_fullxfull.2934992741_fn9i.jpg
Bronson,1472,2008-10-17,92,Crime,Nicolas Winding Refn,United Kingdom,18,230000.0,2300000.0,0,0,https://static2.tribute.ca/poster/540x800/bronson-1089.jpg
Drive,1473,2011-05-20,100,Crime,Nicolas Winding Refn,United States,18,1500000.0,78100000.0,1,0,https://cdn.shopify.com/s/files/1/1416/8662/products/drive_2011_original_film_art_2000x.jpg?v=1562543564
Only God Forgives,1474,2013-05-22,90,Thriller,Nicolas Winding Refn,Denmark,18,4800000.0,10300000.0,0,0,http://www.impawards.com/2013/posters/only_god_forgives_ver9_xlg.jpg
Taxi Driver,1475,1976-02-08,113,Drama,Martin Scorsese,United States,18,1300000.0,28300000.0,4,0,https://www.themoviedb.org/t/p/original/9l2kF2lTcLb4LtSMh5MU0dZEjQK.jpg
Mean Streets,1476,1973-10-02,112,Crime,Martin Scorsese,United States,18,500000.0,3000000.0,0,0,https://sothebys-md.brightspotcdn.com/70/ea/924e29c043fe9c4ec7b560cc024f/l19985-b9yg2-01.jpg
Cape Fear,1477,1962-04-12,105,Thriller,J. Lee Thompson,United States,15,,,0,0,https://cdn.posteritati.com/posters/000/000/030/417/cape-fear-md-web.jpg
"New York, New York",1478,1977-06-21,163,Musical,Martin Scorsese,United States,PG,14000000.0,13800000.0,0,0,http://3.bp.blogspot.com/-V5SgCKYaoZg/Ta57jBKvbxI/AAAAAAAATDw/r_9P8_6zXoc/s1600/poster_01.jpg
The King of Comedy,1479,1982-12-18,109,Comedy,Martin Scorsese,United States,PG,19000000.0,2500000.0,0,0,https://cdn.shopify.com/s/files/1/1057/4964/products/the-king-of-comedy-vintage-movie-poster-original-40x60_1800x.progressive.jpg?v=1575234387
The Color of Money,1480,1986-10-17,120,Drama,Martin Scorsese,United States,15,13800000.0,52200000.0,4,1,https://image.tmdb.org/t/p/original/dVdnHmdQu3JtLAAksjTmTEF76gD.jpg
The Last Temptation of Christ,1481,1988-08-12,162,Drama,Martin Scorsese,United States,18,7000000.0,8900000.0,1,0,https://image.tmdb.org/t/p/original/vHBuPXdD2JfHYWFEp8Bjk3sflE1.jpg
The Age of Innocence,1482,1993-09-17,139,Romance,Martin Scorsese,United States,U,34000000.0,32300000.0,5,1,https://www.themoviedb.org/t/p/original/kME05PS9vVf8FrpZrNuxRiGQTej.jpg
Silence,1483,2016-11-29,159,Drama,Martin Scorsese,United States,15,50000000.0,,0,0,https://image.tmdb.org/t/p/original/wO8XKAt3JUpdij27gIq6Maq4JMp.jpg
The Wolf of Wall Street,1484,2013-12-17,179,Biography,Martin Scorsese,United States,18,155000000.0,392000000.0,5,0,https://www.vintagemovieposters.co.uk/wp-content/uploads/2019/12/IMG_2359-1024x764.jpeg
Hugo,1485,2011-10-10,126,Adventure,Martin Scorsese,United Kingdom,U,170000000.0,185800000.0,11,5,http://2.bp.blogspot.com/-ydWWci6wp3w/Tsw5RjaliBI/AAAAAAAAAE8/MyvjgRoPG_w/s1600/Hugo+Cabret+Character+Poster+%284%29.jpg
Shutter Island,1486,2010-02-19,138,Thriller,Martin Scorsese,United States,15,80000000.0,294800000.0,0,0,http://cdn.collider.com/wp-content/uploads/shutter-island-movie-poster.jpg
Zoolander,1487,2001-09-28,89,Comedy,Ben Stiller,United States,12,28000000.0,60800000.0,0,0,https://image.tmdb.org/t/p/original/dIJaZ671pq9JoPje1vOkRX9l7zM.jpg
Labyrinth,1488,1986-06-27,101,Fantasy,Jim Henson,United Kingdom,U,25000000.0,12900000.0,0,0,"https://i1.wp.com/www.my-sf.com/wp-content/uploads/2016/01/Labyrinth-poster.jpeg?fit=1249,1713&ssl=1"
Willow,1489,1988-05-20,126,Fantasy,Ron Howard,United States,PG,35000000.0,57300000.0,2,0,https://www.mauvais-genres.com/39643-thickbox_default/willow-movie-poster-27x41-in-1988-ron-howard-val-kilmer.jpg
Mad Max,1490,1979-04-12,93,Action,George Miller,Australia,18,400000.0,100000000.0,0,0,https://cdn.shopify.com/s/files/1/1057/4964/products/mad-max-vintage-movie-poster-original-40x60.jpg?v=1614315705
Mad Max 2,1491,1981-12-24,96,Action,George Miller,Australia,18,4500000.0,23700000.0,0,0,https://www.themoviedb.org/t/p/original/dhVekfpaCW3QavAwGYbaQig87Xc.jpg
Mad Max Beyond Thunderdome,1492,1985-07-10,107,Action,George Miller,Australia,15,10000000.0,36200000.0,0,0,https://image.tmdb.org/t/p/original/jJlxcEVVUHnrUeEkQ0077VeHQpb.jpg
Mad Max: Fury Road,1493,2015-05-07,120,Action,George Miller,Australia,15,150000000.0,378400000.0,10,6,https://oyster.ignimgs.com/wordpress/stg.ign.com/2015/03/MM-Main-Poster.jpg
Happy Feet Two,1494,2011-11-18,100,Animation,George Miller,United States,U,135000000.0,150400000.0,0,0,https://cdn.shopify.com/s/files/1/1416/8662/products/Happy_Feet_2_original_film_art_spo_2000x.jpg?v=1551889494
Zoolander 2,1495,2016-02-04,102,Comedy,Ben Stiller,United States,12A,50000000.0,56000000.0,0,0,https://1.bp.blogspot.com/-d1ZGvsocOfA/VmmWyCN7gJI/AAAAAAABCcQ/FoTpViX-xfY/s1600/zoolander-2-new-movie-poster.jpg
Dune,1496,1984-12-14,136,Science Fiction,David Lynch,United States,PG,40000000.0,30900000.0,1,0,https://www.themoviedb.org/t/p/original/7S56MF6XA1jIzD9I2ejMjd6aNvN.jpg
Gods of Egypt,1497,2016-02-25,127,Fantasy,Alex Proyas,United States,12A,,,0,0,http://cdn.collider.com/wp-content/uploads/2016/01/gods-of-egypt-new-poster.jpg
The Nice Guys,1498,2016-05-15,116,Comedy,Shane Black,United States,15,50000000.0,57300000.0,0,0,https://www.thefashionisto.com/wp-content/uploads/2016/05/The-Nice-Guys-Movie-Poster-Russell-Crowe-Ryan-Gosling.jpg
Kiss Kiss Bang Bang,1499,2005-05-14,103,Comedy,Shane Black,United States,15,15000000.0,15800000.0,0,0,https://www.themoviedb.org/t/p/original/kt4hTJgeskt6PnbU6yTHZ1ffxCl.jpg
Independence Day: Resurgence,1500,2016-06-20,120,Science Fiction,Roland Emmerich,United States,12A,165000000.0,389700000.0,0,0,http://www.impawards.com/2016/posters/independence_day_resurgence_ver20_xlg.jpg
Ghostbusters,1501,2016-07-09,116,Comedy,Paul Feig,United States,12A,144000000.0,229100000.0,0,0,https://image.tmdb.org/t/p/original/di9t2YVpWDKuUtYkrm10yVld50x.jpg
Jason Bourne,1503,2016-07-11,123,Thriller,Paul Greengrass,United States,12A,120000000.0,415200000.0,0,0,https://www.themoviedb.org/t/p/original/qGXwHqIDzlrNPw9rRioGpNtOpTo.jpg
Sausage Party,1504,2016-03-14,88,Animation,Conrad Vernon,United States,15,19000000.0,140200000.0,0,0,https://www.newdvdreleasedates.com/images/posters/large/sausage-party-2016-02.jpg
Scott Pilgrim vs. the World,1505,2010-07-27,112,Comedy,Edgar Wright,United Kingdom,12A,90000000.0,47700000.0,0,0,https://image.tmdb.org/t/p/original/y1TlCVPewUNUwb2PzioikWt2w2P.jpg
Death Proof,1506,2007-04-06,114,Thriller,Quentin Tarantino,United States,18,,30700000.0,0,0,https://www.themoviedb.org/t/p/original/iy6016EG1Zt44tFyxc0rATKL2hr.jpg
Jackie Brown,1507,1997-12-25,154,Crime,Quentin Tarantino,United States,15,12000000.0,74700000.0,1,0,https://cdn.shopify.com/s/files/1/1057/4964/products/Jackie-Brown-Vintage-Movie-Poster-Original-1-Sheet-27x41_dd93b460-dddc-4aea-8b13-d770e1c90d10_1600x.progressive.jpg?v=1628910362
Inglourious Basterds,1508,2009-05-20,153,War,Quentin Tarantino,United States,18,70000000.0,321500000.0,8,1,https://cdn.shopify.com/s/files/1/1416/8662/products/inglourious_basterds_2009_original_film_art_spo_2000x.jpg?v=1551890426
Django Unchained,1509,2012-12-11,165,Western,Quentin Tarantino,United States,18,100000000.0,425400000.0,5,2,https://originalvintagemovieposters.com/wp-content/uploads/2020/05/Django-5980-scaled-1030x1536.jpg
The Hateful Eight,1510,2015-12-07,168,Western,Quentin Tarantino,United States,18,54000000.0,155800000.0,3,1,http://www.filmofilia.com/wp-content/uploads/2015/11/Hateful_Eight_Payoff_poster.jpg
Bill & Ted's Excellent Adventure,1511,1989-02-17,89,Adventure,Stephen Herek,United States,PG,10000000.0,40500000.0,0,0,https://image.tmdb.org/t/p/original/qcLGk8CkZW4rHK1kqD9Jdst5vd8.jpg
Bill & Ted's Bogus Journey,1512,1991-07-19,93,Adventure,Peter Hewitt,United States,PG,20000000.0,38000000.0,0,0,https://www.themoviedb.org/t/p/original/tldtDfLnPFOtTWp758EmIP2Hbz5.jpg
The Magnificent Seven,1513,1960-10-23,128,Western,John Sturges,United States,U,2000000.0,2250000.0,1,0,https://www.mauvais-genres.com/24832-thickbox_default/the-magnificent-seven-original-movie-poster-23x32-in-1960-john-sturges-steve-mcqueen.jpg
The Magnificent Seven,1514,2016-09-08,133,Western,Antoine Fuqua,United States,12A,107600000.0,161000000.0,0,0,https://image.tmdb.org/t/p/original/bQDynlAQeNnLBPOlWLWKZ71JBvx.jpg
The Replacement Killers,1515,1998-02-06,87,Thriller,Antoine Fuqua,United States,18,30000000.0,19200000.0,0,0,https://www.dvdsreleasedates.com/posters/800/T/The-Replacement-Killers-1998-movie-poster.jpg
Training Day,1516,2001-10-05,122,Crime,Antoine Fuqua,United States,18,45000000.0,104900000.0,2,1,https://i5.walmartimages.com/asr/f9624254-8a78-45ea-86e6-e95e9272ea7f.ca7d1716d4478bb0de29e06c72285e7e.jpeg
Tears of the Sun,1517,2003-03-07,121,War,Antoine Fuqua,United States,15,75000000.0,86500000.0,0,0,https://www.themoviedb.org/t/p/original/oYmYO144ysAQvZxiX074xjrFaXr.jpg
King Arthur,1518,2004-07-07,142,Adventure,Antoine Fuqua,United States,12A,120000000.0,203600000.0,0,0,https://cdn.shopify.com/s/files/1/1416/8662/products/King_Arthur_2004_original_film_art_spo_2000x.jpg?v=1520304138
Shooter,1519,2007-03-23,125,Action,Antoine Fuqua,United States,15,61000000.0,95700000.0,0,0,"https://movie-fanatic-res.cloudinary.com/iu/s--e9OIXwab--/t_full/cs_srgb,f_auto,fl_strip_profile.lossy,q_auto:420/v1364991089/shooter-movie-poster.jpg"
Olympus Has Fallen,1520,2013-03-20,119,Action,Antoine Fuqua,United States,15,70000000.0,161000000.0,0,0,http://www.impawards.com/2013/posters/olympus_has_fallen.jpg
The Equalizer,1521,2014-09-07,132,Thriller,Antoine Fuqua,United States,15,55000000.0,192300000.0,0,0,https://image.tmdb.org/t/p/original/1JqvFeNRS5449yvzPnQ8m0j2zUu.jpg
Southpaw,1522,2015-06-15,123,Drama,Antoine Fuqua,United States,15,30000000.0,92000000.0,0,0,http://www.impawards.com/2015/posters/southpaw_ver3_xlg.jpg
Miss Peregrine's Home for Peculiar Children,1523,2016-09-25,127,Fantasy,Tim Burton,United States,12A,110000000.0,271900000.0,0,0,http://www.impawards.com/2016/posters/miss_peregrines_home_for_peculiar_children_xlg.jpg
Mars Attacks!,1524,1996-12-13,106,Science Fiction,Tim Burton,United States,12,70000000.0,101400000.0,0,0,https://www.themoviedb.org/t/p/original/1esZJfL3U56PTrBlBbcHaSI3q5j.jpg
Planet of the Apes,1525,2001-07-27,120,Science Fiction,Tim Burton,United States,12,100000000.0,362200000.0,0,0,https://www.themoviedb.org/t/p/original/x2qqxj6EiBAfn7FWelIJeJMuSk4.jpg
Big Fish,1526,2003-12-10,125,Fantasy,Tim Burton,United States,PG,70000000.0,122900000.0,1,0,https://i.etsystatic.com/27725708/r/il/451060/2893960882/il_1080xN.2893960882_keyg.jpg
Dark Shadows,1527,2012-05-11,113,Comedy,Tim Burton,United States,12A,150000000.0,245500000.0,0,0,https://xl.movieposterdb.com/13_04/2012/1077368/xl_1077368_78479504.jpg
Watchmen,1528,2009-02-23,163,Action,Zack Snyder,United States,18,130000000.0,185300000.0,0,0,https://www.themoviedb.org/t/p/original/arLHbuLpPb1aKKSfDxFatYWQ7Wg.jpg
Man of Steel,1529,2013-06-10,143,Action,Zack Snyder,United States,12A,225000000.0,668000000.0,0,0,https://static.tvgcdn.net/feed/1/219/thumbs/11724219_1300x1733.jpg
Sucker Punch,1530,2011-03-25,109,Action,Zack Snyder,United States,12A,82000000.0,89800000.0,0,0,https://cdn11.bigcommerce.com/s-ydriczk/images/stencil/1280x1280/products/86231/85790/sucker_punch_regular_original_movie_poster_buy_now_at_starstills__34123__60618.1394515054.jpg?c=2?imbypass=on
Dawn of the Dead,1531,2004-03-19,100,Horror,Zack Snyder,United States,18,26000000.0,102400000.0,0,0,"http://i1.wp.com/www.wearemoviegeeks.com/wp-content/uploads/dawn-of-the-dead-movie-poster-2004.jpg?fit=580,841"
Jack Reacher: Never Go Back,1532,2016-10-16,118,Thriller,Edward Zwick,United States,12A,60000000.0,156200000.0,0,0,https://image.tmdb.org/t/p/original/xPezJFQMKZhm7oHEDpdbr2lzXDH.jpg
Jack Reacher,1533,2012-12-21,130,Thriller,Christopher McQuarrie,United States,15,60000000.0,218300000.0,0,0,https://www.themoviedb.org/t/p/original/cob7FMtNvCoGdtMrf8HAuUsaN5k.jpg
The Way of the Gun,1534,2000-09-08,119,Action,Christopher McQuarrie,United States,18,8500000.0,13069000.0,0,0,https://ultimateactionmovies.com/wp-content/uploads/2020/05/Way-of-the-Gun.jpg
Fantastic Beasts and Where to Find Them,1535,2016-11-10,133,Fantasy,David Yates,United Kingdom,12A,180000000.0,615800000.0,0,0,https://www.themoviedb.org/t/p/original/9eM0qvA1iHARvtOMBMMbpOgtEJw.jpg
Moana,1536,2016-11-14,107,Animation,Ron Clements,United States,PG,150000000.0,190100000.0,0,0,https://image.tmdb.org/t/p/original/eWYNMlgJmsSkRrSuN6tza8Bd9nw.jpg
Bad Santa,1537,2003-11-26,91,Comedy,Terry Zwigoff,United States,15,23000000.0,76500000.0,0,0,https://cinemavehicles.com/images/F142565821.jpg
Bad Santa 2,1538,2016-11-15,92,Comedy,Mark Waters,United States,15,26000000.0,22800000.0,0,0,https://www.themoviedb.org/t/p/original/yMh8DKukmPrhSZ2Zg2dS8zG8pYf.jpg
Rogue One: A Star Wars Story,1539,2016-12-10,133,Science Fiction,Gareth Edwards,United States,12A,200000000.0,388100000.0,0,0,https://cdn.shopify.com/s/files/1/1416/8662/products/rogue_one_2016_intl_original_film_art_5000x.jpg?v=1569430257
Passengers,1540,2016-12-21,116,Science Fiction,Morten Tyldum,United States,12A,110000000.0,,0,0,http://static.rbcasting.com/Passengers-TRAILER-POSTER-2016.jpg
The Imitation Game,1541,2014-08-29,114,Biography,Morten Tyldum,United States,12A,14000000.0,233600000.0,8,1,https://www.themoviedb.org/t/p/original/zSqJ1qFq8NXFfi7JeIYMlzyR0dx.jpg
Ex Machina,1542,2015-01-21,108,Science Fiction,Alex Garland,United Kingdom,15,15000000.0,36900000.0,2,1,http://nerdreactor.com/wp-content/uploads/2015/03/ExMachina_Payoff_hires2.jpg
Anna Karenina,1543,2012-09-07,130,Romance,Joe Wright,United Kingdom,12A,31000000.0,69000000.0,4,1,https://image.tmdb.org/t/p/original/rJJfkj15u7QY0TnFaVSBPjXanZb.jpg
Anna Karenina,1544,1997-04-04,108,Romance,Bernard Rose,United States,15,,2200000.0,0,0,https://film-book.com/wp-content/uploads/2012/06/anna-karenina-movie-poster-01-592x888.jpg
Godzilla,1545,2014-05-08,123,Action,Gareth Edwards,United States,12A,160000000.0,529100000.0,0,0,https://posterspy.com/wp-content/uploads/2020/01/Gozilla-Poster1_Joel-Jensen.jpg
Chocolat,1546,2000-12-15,121,Romance,Lasse Hallstrom,United Kingdom,12,25000000.0,152699000.0,5,0,https://www.prints4u.net/wp-content/uploads/2021/04/Chocolat-002.jpg
The English Patient,1547,1996-11-15,162,Romance,Anthony Minghella,United Kingdom,15,27000000.0,232000000.0,12,9,https://image.tmdb.org/t/p/original/tmmstyLtSUpZ4SrSC0IoUVwVomH.jpg
Near Dark,1548,1987-10-02,95,Horror,Kathryn Bigelow,United States,18,5000000.0,3400000.0,0,0,http://www.impawards.com/1987/posters/near_dark_ver2_xlg.jpg
Blue Steel,1549,1990-03-16,101,Action,Kathryn Bigelow,United States,18,,8200000.0,0,0,https://www.mauvais-genres.com/24319-large_default/blue-steel-original-movie-poster-15x21-in-1990-kathryn-bigelow-jamie-lee-curtis.jpg
Point Break,1550,1991-07-12,122,Action,Kathryn Bigelow,United States,18,24000000.0,83500000.0,0,0,https://www.themoviedb.org/t/p/original/9bum7iav4n2N7rMABHjyusvDmJC.jpg
Point Break,1551,2015-12-04,114,Action,Ericson Core,United States,12A,105000000.0,133700000.0,0,0,https://image.tmdb.org/t/p/original/eGSfqknufcsXmM2Rb59H9SiNd4T.jpg
Invincible,1552,2006-08-25,104,Sport,Ericson Core,United States,PG,30000000.0,58500000.0,0,0,"https://i2.wp.com/disneymovieslist.com/wp-content/uploads/2017/12/yB6K696MEnZ79MBHdr2RvgPRpVL.jpg?resize=863,1295&ssl=1"
Strange Days,1553,1995-10-13,145,Science Fiction,Kathryn Bigelow,United States,18,42000000.0,8000000.0,0,0,http://images.moviepostershop.com/strange-days-movie-poster-1995-1020371672.jpg
K-19: The Widowmaker,1554,2002-07-19,138,Thriller,Kathryn Bigelow,United States,12A,100000000.0,65700000.0,0,0,https://pics.filmaffinity.com/k_19_the_widowmaker-700667808-large.jpg
The Hurt Locker,1555,2008-09-04,131,War,Kathryn Bigelow,United States,15,15000000.0,49200000.0,9,6,https://image.tmdb.org/t/p/original/5SLrmBd8oiVbPOpIy0AaxB4uQD1.jpg
Zero Dark Thirty,1556,2012-12-19,157,Thriller,Kathryn Bigelow,United States,15,40000000.0,132800000.0,5,1,https://www.themoviedb.org/t/p/original/zZJxE5anq0amyoqAJJTZnzUazMb.jpg
"Lock, Stock and Two Smoking Barrels",1557,1998-08-28,106,Crime,Guy Ritchie,United Kingdom,18,1350000.0,28100000.0,0,0,http://www.impawards.com/1999/posters/lock_stock_and_two_smoking_barrels_ver1_xlg.jpg
Snatch,1558,2000-08-23,102,Crime,Guy Ritchie,United Kingdom,18,10000000.0,83600000.0,0,0,http://www.impawards.com/2000/posters/snatch_ver2.jpg
Revolver,1559,2005-09-11,110,Crime,Guy Ritchie,United Kingdom,15,,6735000.0,0,0,http://www.impawards.com/2007/posters/revolver.jpg
RocknRolla,1560,2008-09-04,114,Crime,Guy Ritchie,United Kingdom,15,13000000.0,25739000.0,0,0,http://www.impawards.com/2008/posters/rocknrolla_ver2_xlg.jpg
Sherlock Holmes: A Game of Shadows,1561,2011-12-16,129,Action,Guy Ritchie,United Kingdom,12A,125000000.0,545400000.0,0,0,https://image.tmdb.org/t/p/original/49dt96hBaSS6GAbf2vhrrewtIfp.jpg
The Man from U.N.C.L.E.,1562,2015-08-02,116,Action,Guy Ritchie,United States,12A,75000000.0,109800000.0,0,0,http://www.newdvdreleasedates.com/images/posters/large/the-man-from-u.n.c.l.e.-2015-03.jpg
Prometheus,1563,2012-05-30,124,Science Fiction,Ridley Scott,United States,15,130000000.0,403400000.0,1,0,https://picfiles.alphacoders.com/376/thumb-1920-376910.jpg
Legend,1564,1985-12-13,125,Fantasy,Ridley Scott,United States,PG,24500000.0,15500000.0,1,0,https://i.etsystatic.com/28035456/r/il/cda698/2945307513/il_fullxfull.2945307513_kqck.jpg
Black Rain,1565,1989-09-22,125,Thriller,Ridley Scott,United States,18,30000000.0,134200000.0,2,0,http://www.pastposters.com/cw3/assets/product_expanded/JamieR/black-rain-cinema-one-sheet-movie-poster-(1).jpg
Thelma & Louise,1566,1991-05-24,129,Adventure,Ridley Scott,United States,15,16500000.0,45400000.0,6,1,https://c8.alamy.com/comp/PXNB7C/thelma-louise-original-movie-poster-PXNB7C.jpg
1492: Conquest of Paradise,1567,1992-10-09,142,Adventure,Ridley Scott,United States,15,47000000.0,7200000.0,0,0,http://www.impawards.com/1992/posters/fourteen_ninety_two_ver1.jpg
G.I. Jane,1568,1997-08-22,124,War,Ridley Scott,United States,15,50000000.0,97100000.0,0,0,https://cps-static.rovicorp.com/2/Open/Disney/G.I.+Jane/_derived_jpg_q90_310x470_m0/gi-jane-poster-art.jpg
Matchstick Men,1569,2003-09-12,116,Crime,Ridley Scott,United States,12A,62000000.0,65600000.0,0,0,https://cdn.traileraddict.com/content/warner-bros-pictures/matchstick_men.jpg
Body of Lies,1570,2008-10-10,128,Action,Ridley Scott,United States,15,70000000.0,115100000.0,0,0,http://www.impawards.com/2008/posters/body_of_lies.jpg
Robin Hood,1571,2010-05-12,140,Adventure,Ridley Scott,United States,12A,200000000.0,321700000.0,0,0,https://cdn.shopify.com/s/files/1/1416/8662/products/Robin_Hood_2010_original_film_art_2000x.jpg?v=1551798743
The Counsellor,1572,2013-10-03,118,Thriller,Ridley Scott,United Kingdom,18,25000000.0,71000000.0,0,0,https://www.themoviedb.org/t/p/original/sxYAOH6YtVnsEIAS6EJUfqGo7wO.jpg
Exodus: Gods and Kings,1573,2014-12-12,150,Adventure,Ridley Scott,United States,12A,145000000.0,268200000.0,0,0,http://movieposters.ie/wp-content/uploads/2014/11/1SHT_CAMP-J_MAIN_EXODUS_101805_f.jpg
Twilight,1574,2008-11-17,121,Awful,Catherine Hardwicke,United States,12A,37000000.0,393616000.0,0,0,https://www.vintagemovieposters.co.uk/wp-content/uploads/2015/10/IMG_0659.jpg
The Girl with the Dragon Tattoo,1575,2009-02-27,153,Thriller,Niels Arden Oplev,Sweden,18,13000000.0,104395000.0,0,0,https://image.tmdb.org/t/p/original/vbLedKc1BUF4FOH1GyHW62FulCc.jpg
Dead Man Down,1577,2013-03-08,117,Crime,Niels Arden Oplev,United States,15,30000000.0,18100000.0,0,0,https://www.newdvdreleasedates.com/images/posters/large/dead-man-down-2013-05.jpg
The Girl Who Played with Fire,1578,2009-09-18,129,Thriller,Daniel Alfredson,Sweden,15,,67126000.0,0,0,https://www.themoviedb.org/t/p/original/g89KcTXKf3bLdfOiJqW8n6uCIhu.jpg
The Girl Who Kicked the Hornets' Nest,1579,2009-11-27,147,Thriller,Daniel Alfredson,Sweden,15,5300000.0,43500000.0,0,0,http://images.moviepostershop.com/the-girl-who-kicked-the-hornets-nest-movie-poster-2009-1020556243.jpg
The Girl with the Dragon Tattoo,1580,2011-12-12,158,Thriller,David Fincher,United States,18,90000000.0,232600000.0,5,1,https://image.tmdb.org/t/p/original/vbLedKc1BUF4FOH1GyHW62FulCc.jpg
John Wick,1581,2014-10-13,101,Action,Chad Stahelski,United States,15,20000000.0,86000000.0,0,0,https://image.tmdb.org/t/p/original/bXU5CRTzyEpuqPPxHwUzcxfEwi0.jpg
The Seventh Seal,1582,1957-02-16,96,Drama,Ingmar Bergman,Sweden,PG,150000.0,,0,0,https://i.pinimg.com/originals/55/c1/c0/55c1c0e47a756cbbdba361a7fff5058c.jpg
The Revenant,1583,2015-12-16,156,Adventure,Alejandro G. Inarritu,United States,15,135000000.0,533000000.0,12,3,http://cdn.collider.com/wp-content/uploads/2015/11/revenant-poster-tom-hardy1.jpg
Birdman,1584,2014-08-27,119,Comedy,Alejandro G. Inarritu,United States,15,18000000.0,103200000.0,9,4,https://www.vintagemovieposters.co.uk/wp-content/uploads/2020/06/IMG_8193-1379x2048.jpeg
21 Grams,1585,2003-12-26,124,Drama,Alejandro G. Inarritu,United States,15,20000000.0,60400000.0,2,0,http://www.impawards.com/2003/posters/twenty_one_grams_ver7.jpg
Ted,1586,2012-06-29,106,Comedy,Seth MacFarlane,United States,15,51000000.0,549400000.0,1,0,https://4.bp.blogspot.com/-9kqWFJPnFRo/V3eHTdAB8JI/AAAAAAAABcM/tG8JUlpbChY9QF4LJVQYGP3NnSWf52LJwCK4B/s1600/Ted-Full-Movie-Download-Free-in-720p-BRRip.jpg
Ted 2,1587,2015-06-24,115,Comedy,Seth MacFarlane,United States,15,68000000.0,216700000.0,0,0,https://www.themoviedb.org/t/p/original/qMOt0uy1x49OBW0jzodgRM9waW0.jpg
A Million Ways to Die in the West,1588,2014-05-30,116,Comedy,Seth MacFarlane,United States,15,40000000.0,87200000.0,0,0,http://cdn.collider.com/wp-content/uploads/million-ways-die-west-final-poster.jpg
Hansel & Gretel: Witch Hunters,1589,2013-01-17,88,Action,Tommy Wirkola,United States,15,50000000.0,226300000.0,0,0,http://www.impawards.com/2013/posters/hansel_and_gretel_witch_hunters_xxlg.jpg
There Will Be Blood,1590,2007-09-27,158,Drama,Paul Thomas Anderson,United States,15,25000000.0,76200000.0,8,2,https://cdn.shopify.com/s/files/1/1416/8662/products/there_will_be_blood_2007_original_film_art_166bb7b4-8ee3-476b-8acd-13d6e8e24079_5000x.jpg?v=1580256491
Punch-Drunk Love,1591,2002-05-19,95,Romance,Paul Thomas Anderson,United States,15,25000000.0,24700000.0,0,0,http://www.posterdb.de/posters/015/15133.jpg
The Master,1592,2012-09-01,137,Drama,Paul Thomas Anderson,United States,15,32000000.0,28300000.0,3,0,http://www.impawards.com/2012/posters/master_ver4.jpg
Inherent Vice,1593,2014-10-04,149,Crime,Paul Thomas Anderson,United States,15,20000000.0,14700000.0,2,0,http://www.impawards.com/2014/posters/inherent_vice_ver10_xxlg.jpg
Boogie Nights,1594,1997-10-10,155,Drama,Paul Thomas Anderson,United States,18,15000000.0,43100000.0,3,0,https://www.themoviedb.org/t/p/original/gcE55BJd2pdUyROnuhieuW58X0p.jpg
Innerspace,1595,1987-07-01,120,Science Fiction,Joe Dante,United States,PG,,25900000.0,1,1,https://i.pinimg.com/originals/94/f2/a7/94f2a70a3ec7eaae6796adadfc078b69.jpg
Gremlins 2: The New Batch,1596,1990-06-15,106,Comedy,Joe Dante,United States,12,50000000.0,41500000.0,0,0,https://image.tmdb.org/t/p/original/wLpckmLTOh6qsESAikxN1rX6dq7.jpg
The Punisher,1597,2004-04-16,123,Action,Jonathan Hensleigh,United States,18,33000000.0,54700000.0,0,0,http://www.impawards.com/2004/posters/punisher_ver3_xlg.jpg
The Theory of Everything,1599,2014-09-07,123,Biography,James Marsh,United Kingdom,12A,15000000.0,123700000.0,5,1,https://image.tmdb.org/t/p/original/rRgGlPumV5gTmTm2zV9XTqjyju5.jpg
Looper,1600,2012-09-06,118,Science Fiction,Rian Johnson,United States,15,30000000.0,176500000.0,0,0,https://www.themoviedb.org/t/p/original/sNjL6SqErDBE8OUZlrDLkexfsCj.jpg
12 Years a Slave,1601,2013-08-30,134,Biography,Steve McQueen,United States,15,22000000.0,187700000.0,9,3,https://image.tmdb.org/t/p/original/qWDRzXgqsIdkHDP3RZnN6BGiwsQ.jpg
Prisoners,1602,2013-08-30,153,Thriller,Denis Villeneuve,United States,15,46000000.0,122100000.0,1,0,https://d3tudoxwnizvk7.cloudfront.net/gallery-jpeg/prisoners_posterlarge_0-602724136.jpg
Cowboys & Aliens,1603,2011-07-29,118,Science Fiction,Jon Favreau,United States,12A,163000000.0,174800000.0,0,0,https://www.themoviedb.org/t/p/original/7H4YFlVBHwHYER8RtZpgUbmzhVi.jpg
Knight and Day,1604,2010-06-16,110,Action,James Mangold,United States,12A,125000000.0,261900000.0,0,0,https://www.themoviedb.org/t/p/original/a7JmOBMNj5erYTgt4u1mQgvHItu.jpg
Man on Wire,1605,2008-01-22,94,Documentary,James Marsh,United Kingdom,12,1900000.0,5300000.0,1,1,https://cdn.shopify.com/s/files/1/1416/8662/products/man_on_wire_2008_original_film_art_5000x.jpg?v=1569080235
The Danish Girl,1606,2015-09-05,119,Biography,Tom Hooper,United Kingdom,15,15000000.0,64200000.0,4,1,http://cdn.traileraddict.com/content/universal-pictures/danish_girl-2.jpg
Jupiter Ascending,1607,2015-01-27,127,Science Fiction,Lana Wachowski,United States,12A,176000000.0,184000000.0,0,0,https://www.themoviedb.org/t/p/original/z8dXSSadzpfTF2wHQlREkuB4d5y.jpg
Black Death,1608,2010-06-11,101,Adventure,Christopher Smith,Germany,15,,272445.0,0,0,http://www.impawards.com/intl/uk/2010/posters/black_death_ver2_xlg.jpg
The Other Boleyn Girl,1609,2008-02-15,115,Drama,Justin Chadwick,United Kingdom,12A,35000000.0,77700000.0,0,0,https://image.tmdb.org/t/p/original/9zD3hXV24zJzYvSuakXZU8yMEY4.jpg
Mandela: Long Walk to Freedom,1610,2013-09-07,146,Biography,Justin Chadwick,United Kingdom,12A,35000000.0,27300000.0,1,0,http://www.impawards.com/2013/posters/mandela_long_walk_to_freedom_ver8_xlg.jpg
Les Misérables,1612,2012-12-05,158,Musical,Tom Hooper,United Kingdom,12A,61000000.0,441800000.0,8,3,http://www.impawards.com/2012/posters/les_miserables_ver11_xlg.jpg
The King's Speech,1613,2010-09-06,119,Biography,Tom Hooper,United Kingdom,12A,15000000.0,414200000.0,12,4,http://www.impawards.com/2010/posters/kings_speech_ver6.jpg
Sicario,1614,2015-05-19,121,Thriller,Denis Villeneuve,United States,15,30000000.0,85000000.0,3,0,https://image.tmdb.org/t/p/original/kTzfTJ2YZLNloOsE3PserEFCcg5.jpg
Edge of Tomorrow,1615,2014-05-28,113,Science Fiction,Doug Liman,United States,12A,178000000.0,370500000.0,0,0,https://www.themoviedb.org/t/p/original/hsLUdxUvMxaWWsQnnX8s7Wt9f1n.jpg
The Adjustment Bureau,1616,2011-02-14,106,Science Fiction,George Nolfi,United States,12A,50200000.0,127900000.0,0,0,http://www.impawards.com/2011/posters/adjustment_bureau_xlg.jpg
The Wolfman,1617,2010-01-27,103,Horror,Joe Johnston,United States,15,150000000.0,139800000.0,1,1,http://www.impawards.com/2010/posters/wolfman_ver9_xlg.jpg
Charlie Wilson's War,1618,2007-12-21,100,Comedy,Mike Nichols,United States,15,75000000.0,119000000.0,1,0,https://www.themoviedb.org/t/p/original/uWZYXonBXqHaF8LfQ7MFw1EEDwO.jpg
Sin City: A Dame to Kill For,1619,2014-08-19,102,Action,Robert Rodriguez,United States,18,65000000.0,39400000.0,0,0,http://cdn.collider.com/wp-content/uploads/sin-city-a-dame-to-kill-for-poster3.jpg
Shame,1620,2011-09-04,101,Drama,Steve McQueen,United Kingdom,18,6500000.0,17700000.0,0,0,http://www.impawards.com/2011/posters/shame_ver6.jpg
Ant-Man,1621,2015-06-29,117,Action,Peyton Reed,United States,12A,130000000.0,519300000.0,0,0,https://www.themoviedb.org/t/p/original/rS97hUJ1otKTTripGwQ0ujbuIri.jpg
3:10 to Yuma,1622,2007-08-22,122,Western,James Mangold,United States,15,55000000.0,70000000.0,2,0,https://posterspy.com/wp-content/uploads/2021/02/310toYuma_Poster.jpg
3:10 to Yuma,1623,1957-08-07,92,Western,Delmer Daves,United States,PG,,1850000.0,0,0,https://posterspy.com/wp-content/uploads/2021/02/310toYuma_Poster.jpg
The Wolverine,1624,2013-07-16,126,Action,James Mangold,United States,12A,120000000.0,414800000.0,0,0,https://www.themoviedb.org/t/p/original/11Ld1u6RqhCpf2a1biA9nEIu6mK.jpg
Rush,1625,2013-09-02,122,Sport,Ron Howard,United Kingdom,15,38000000.0,98200000.0,0,0,https://www.themoviedb.org/t/p/original/cyfncP1YKDNcGb0agE7RQr6UOYr.jpg
Solaris,1626,2002-11-29,98,Science Fiction,Steven Soderbergh,United States,12A,47000000.0,30000000.0,0,0,https://i.etsystatic.com/30490360/r/il/29e2e3/3581075316/il_1140xN.3581075316_annb.jpg
Magic Mike,1627,2012-06-24,110,Drama,Steven Soderbergh,United States,15,7000000.0,167200000.0,0,0,http://www.impawards.com/2012/posters/magic_mike_ver7_xlg.jpg
The Three Musketeers,1628,1993-11-12,105,Adventure,Stephen Herek,United States,PG,30000000.0,53900000.0,0,0,http://www.impawards.com/2011/posters/three_musketeers_ver26_xxlg.jpg
Mr. Holland's Opus,1629,1995-12-29,143,Drama,Stephen Herek,United States,PG,31000000.0,106269000.0,1,0,https://c8.alamy.com/comp/BPF915/richard-dreyfuss-poster-mr-hollands-opus-1995-BPF915.jpg
The Mighty Ducks,1630,1992-10-02,101,Comedy,Stephen Herek,United States,PG,10000000.0,50700000.0,0,0,https://i.etsystatic.com/35330351/r/il/8632b4/3973797476/il_1140xN.3973797476_gvg6.jpg
Young Guns,1631,1988-08-12,103,Western,Christopher Cain,United States,18,11000000.0,45661000.0,0,0,https://static1.srcdn.com/wordpress/wp-content/uploads/2020/07/Young-Guns-Movie-Poster.jpg
Young Guns II: Blaze of Glory,1632,1990-08-01,104,Western,Geoff Murphy,United States,12,10000000.0,44143000.0,1,0,https://c8.alamy.com/comp/BKF82J/young-guns-ii-blaze-of-glory-1990-young-guns-2-alt-poster-yn-001vs-BKF82J.jpg
The Lost Boys,1633,1987-07-31,98,Horror,Joel Schumacher,United States,15,8500000.0,32200000.0,0,0,http://www.impawards.com/1987/posters/lost_boys_xlg.jpg
Flatliners,1634,1990-08-10,115,Horror,Joel Schumacher,United States,15,26000000.0,61500000.0,1,0,https://2.bp.blogspot.com/-Rt0LJ7oDcjc/WcR06ARnwQI/AAAAAAAAXjc/9zd28Iot6CEiqD8coGNz4o36IlFaLLz3QCLcBGAs/s1600/flatliners-movie-poster.jpg
21 Jump Street,1635,2012-03-16,109,Comedy,Phil Lord,United States,15,55000000.0,201500000.0,0,0,https://www.themoviedb.org/t/p/original/m6IYzA8zsM8cEzZiwjdCWGrINFY.jpg
Cloudy with a Chance of Meatballs,1636,2009-09-18,90,Animation,Phil Lord,United States,U,100000000.0,243000000.0,0,0,https://johnsneaker.com/wp-content/uploads/2021/06/il_fullxfull.2321578928_46qk-scaled-1.jpg
Anastasia,1637,1956-12-13,105,Drama,Anatole Litvak,United States,U,3520000.0,5000000.0,2,1,http://www.impawards.com/1997/posters/anastasia_ver1_xxlg.jpg
Hot Rod,1638,2007-08-03,88,Comedy,Akiva Schaffer,United States,12A,25300000.0,14334000.0,0,0,https://1.bp.blogspot.com/-k_d66ye595k/V0pipphQ-MI/AAAAAAAATPg/VmmWawKN9LkDO9rMY6hA6vFNS84qok95wCLcB/s1600/hot-rod-movie-poster.jpg
Cloudy with a Chance of Meatballs 2,1639,2013-09-27,95,Animation,Cody Cameron,United States,U,78000000.0,274300000.0,0,0,https://image.tmdb.org/t/p/original/tT2DN1tWk1zpCxqvaaNY8yP8Awn.jpg
The Lego Movie,1640,2014-02-07,100,Animation,Phil Lord,United States,U,60000000.0,469200000.0,1,0,https://image.tmdb.org/t/p/original/dMzloXrcyNgNY3YPquJpKTntbK.jpg
Bad Boys,1641,1995-04-07,119,Action,Michael Bay,United States,18,23000000.0,141400000.0,0,0,https://keithlovesmovies.com/wp-content/uploads/2020/01/bbp.jpg
22 Jump Street,1642,2014-06-13,112,Comedy,Phil Lord,United States,15,84500000.0,331300000.0,0,0,https://image.tmdb.org/t/p/original/850chzYHYbT3IISl6Q7dbBuFP2B.jpg
Ice Age: Collision Course,1643,2016-07-22,94,Animation,Mike Thurmeier,United States,U,105000000.0,407700000.0,0,0,https://image.tmdb.org/t/p/original/uVaofSqNZR0Y0NI4dVNOrVgojQF.jpg
The Eagle,1644,2011-03-25,114,Adventure,Kevin Macdonald,United Kingdom,12A,25000000.0,35500000.0,0,0,http://www.impawards.com/2011/posters/eagle.jpg
The Last King of Scotland,1645,2007-01-12,123,Drama,Kevin Macdonald,United Kingdom,15,6000000.0,48400000.0,1,1,http://www.impawards.com/2006/posters/last_king_of_scotland_ver2_xxlg.jpg
Centurion,1646,2010-04-23,97,Adventure,Neil Marshall,United Kingdom,15,12000000.0,6168000.0,0,0,http://www.impawards.com/intl/uk/2010/posters/centurion_ver6_xlg.jpg
Jason and the Argonauts,1647,1963-06-19,101,Fantasy,Don Chaffey,United Kingdom,U,1000000.0,2100000.0,0,0,https://image.tmdb.org/t/p/original/tNxU5agqGybrnVHGaxfEuAksRoO.jpg
Pete's Dragon,1648,1977-11-03,134,Fantasy,Don Chaffey,United States,U,10000000.0,39600000.0,2,0,https://cdn.shopify.com/s/files/1/1416/8662/products/petes_dragon_R84_original_film_art_2000x.jpg?v=1551794402
Pete's Dragon,1649,2016-08-12,102,Fantasy,David Lowery,United States,PG,65000000.0,142400000.0,0,0,https://www.themoviedb.org/t/p/original/A9x4Ogk8KUXTfU649NS6lS9TCmu.jpg
One Million Years B.C.,1650,1966-12-30,100,Adventure,Don Chaffey,United Kingdom,PG,500000.0,8000000.0,0,0,http://www.impawards.com/1966/posters/one_million_years_bc_ver9_xxlg.jpg
The Three Musketeers,1651,1973-12-11,105,Adventure,Richard Lester,United Kingdom,U,,10100000.0,0,0,http://www.impawards.com/2011/posters/three_musketeers_ver26_xxlg.jpg
The Return of the Musketeers,1652,1989-04-19,102,Adventure,Richard Lester,United Kingdom,PG,,,0,0,https://www.themoviedb.org/t/p/original/5KP0TNYT2yH1yo7sfV5hQWQ4qWA.jpg
Superman III,1653,1983-06-17,125,Action,Richard Lester,United Kingdom,PG,39000000.0,80200000.0,0,0,http://www.impawards.com/1983/posters/superman_iii.jpg
The Four Musketeers,1654,1974-10-31,108,Adventure,Richard Lester,United Kingdom,PG,,8760000.0,1,0,https://movieposter.gr/7094-large_default/the-four-musketeers.jpg
Fantastic Voyage,1655,1966-08-24,100,Science Fiction,Richard Fleischer,United States,PG,5100000.0,12000000.0,5,2,https://www.picturepalacemovieposters.com/wp-content/uploads/2018/12/fantastic_voyage_UKquad.jpg
Julius Caesar,1656,1970-06-04,116,History,Stuart Burge,United Kingdom,U,,,0,0,https://c8.alamy.com/comp/F2MMX1/julius-caesar-1953-06-movie-poster-F2MMX1.jpg
Othello,1657,1965-12-15,165,Drama,Stuart Burge,United Kingdom,U,,,4,0,https://c8.alamy.com/comp/BKDYG8/othello-1995-poster-BKDYG8.jpg
Julius Caesar,1658,1953-06-04,121,History,Joseph L. Mankiewicz,United States,PG,2070000.0,3920000.0,5,1,https://www.themoviedb.org/t/p/original/vM8TTna0YBCfXsOjS3GkfKOzwu8.jpg
Othello,1659,1951-11-29,91,Drama,Orson Welles,United States,U,,,0,0,https://c8.alamy.com/comp/BKDYG8/othello-1995-poster-BKDYG8.jpg
King Solomon's Mines,1660,1985-11-22,100,Adventure,J. Lee Thompson,United States,PG,11000000.0,15057000.0,0,0,https://www.themoviedb.org/t/p/original/7olDngYhOlWDFewg1mzmLYyavZn.jpg
King Solomon's Mines,1661,1937-06-17,80,Adventure,Robert Stevenson,United Kingdom,U,,,0,0,https://www.themoviedb.org/t/p/original/7olDngYhOlWDFewg1mzmLYyavZn.jpg
East of Eden,1662,1955-03-09,117,Drama,Elia Kazan,United States,PG,,5000000.0,4,1,https://images.fineartamerica.com/images/artworkimages/mediumlarge/3/east-of-eden-movie-poster-1955-stars-on-art.jpg
Giant,1663,1956-11-24,201,Western,George Stevens,United States,PG,5400000.0,39000000.0,10,1,https://www.themoviedb.org/t/p/original/wXGmfJkU83daBsqp9R8LeWguIZd.jpg
Rebel Without a Cause,1664,1955-10-27,111,Drama,Nicholas Ray,United States,PG,1500000.0,4500000.0,3,0,https://originalvintagemovieposters.com/wp-content/uploads/2020/04/Rebel-without-a-cause-1784-scaled.jpg
Miracle on 34th Street,1665,1994-11-18,114,Family,Les Mayfield,United States,U,,46300000.0,0,0,https://i5.walmartimages.com/asr/bf20510d-ba76-40c4-8a13-b6b97c6ac563_1.150a7afed8fc5b1b5bd010c7b6d96644.jpeg
Gentleman's Agreement,1666,1947-11-11,118,Drama,Elia Kazan,United States,PG,1985000.0,7800000.0,8,3,https://image.tmdb.org/t/p/original/qj2wTHShlMQ2BXCfDzBYAGQBd3h.jpg
Viva Zapata!,1667,1952-02-07,113,Biography,Elia Kazan,United States,PG,1800000.0,1900000.0,5,1,https://www.themoviedb.org/t/p/original/A8lFKrtSRs4YfzDiGGxPYfoJKnN.jpg
On the Waterfront,1668,1954-07-28,108,Crime,Elia Kazan,United States,PG,910000.0,9600000.0,12,8,https://image.tmdb.org/t/p/original/shn0dsmsjJ5FNV1Z1WljCFt3C9J.jpg
Ice Cold in Alex,1669,1958-06-24,130,War,J. Lee Thompson,United Kingdom,PG,,,0,0,https://www.mauvais-genres.com/37825-large_default/ice-cold-in-alex-movie-poster-47x63-in-1958-john-mills-j-lee-thomson.jpg
The Diary of Anne Frank,1670,1959-03-18,180,Drama,George Stevens,United States,U,3800000.0,2300000.0,8,3,https://www.themoviedb.org/t/p/original/9oBQj09CuLQmxMeQugXk35TNAYg.jpg
The Greatest Story Ever Told,1671,1965-04-09,260,Drama,George Stevens,United States,U,21000000.0,15473000.0,5,0,https://www.themoviedb.org/t/p/original/mUODLVwjX5BUUOHNERNQf8cTxuM.jpg
A Place in the Sun,1672,1951-08-14,122,Drama,George Stevens,United States,PG,2295000.0,7000000.0,9,6,http://cdn.shopify.com/s/files/1/1057/4964/products/a-place-in-the-sun-vintage-movie-poster-original-half-sheet-22x28-7840.jpg?v=1606338052
The Talk of the Town,1673,1942-08-20,118,Comedy,George Stevens,United States,U,1000000.0,1100000.0,7,0,https://cdn11.bigcommerce.com/s-yzgoj/images/stencil/1280x1280/products/2912533/5950677/MOVCB98955__86823.1679595576.jpg?c=2
Samson and Delilah,1674,1949-12-21,128,Drama,Cecil B. DeMille,United States,U,2900000.0,25600000.0,5,2,https://originalvintagemovieposters.com/wp-content/uploads/2017/03/Samson-Delilah-5399LB-scaled.jpg
The NeverEnding Story,1675,1984-04-06,93,Fantasy,Wolfgang Peterson,Germany,U,27000000.0,100000000.0,0,0,https://static.rogerebert.com/uploads/movie/movie_poster/the-neverending-story-1984/large_uHfRay8H5lS4dhaHkcl4yebhijU.jpg
Enemy Mine,1676,1985-12-20,108,Science Fiction,Wolfgang Peterson,United States,15,29000000.0,12300000.0,0,0,https://www.simondwyer.com/files/enemy-mine-13581.jpg
In the Line of Fire,1677,1993-07-09,128,Thriller,Wolfgang Peterson,United States,15,40000000.0,177000000.0,3,0,https://www.themoviedb.org/t/p/w440_and_h660_face/nLatjbRxMiCuYjsxFQ8mCE4gxnR.jpg
Outbreak,1678,1995-03-10,128,Thriller,Wolfgang Peterson,United States,15,50000000.0,189800000.0,0,0,https://www.themoviedb.org/t/p/original/2xySnsL9R9wjTvZBc8PEwZlu0Vq.jpg
